[INFO] Scanning for projects...
[INFO] 
[INFO] ---------------------< com.aurevia:city-explorer >----------------------
[INFO] Building city-explorer 0.0.1-SNAPSHOT
[INFO]   from pom.xml
[INFO] --------------------------------[ jar ]---------------------------------
[INFO] 
[INFO] >>> spring-boot:3.4.5:run (default-cli) > test-compile @ city-explorer >>>
[INFO] 
[INFO] --- resources:3.3.1:resources (default-resources) @ city-explorer ---
[INFO] Copying 1 resource from src\main\resources to target\classes
[INFO] Copying 18 resources from src\main\resources to target\classes
[INFO] 
[INFO] --- compiler:3.13.0:compile (default-compile) @ city-explorer ---
[INFO] Nothing to compile - all classes are up to date.
[INFO] 
[INFO] --- resources:3.3.1:testResources (default-testResources) @ city-explorer ---
[INFO] skip non existing resourceDirectory C:\Users\Hp\Desktop\majorprojectai\src\test\resources
[INFO] 
[INFO] --- compiler:3.13.0:testCompile (default-testCompile) @ city-explorer ---
[INFO] Nothing to compile - all classes are up to date.
[INFO] 
[INFO] <<< spring-boot:3.4.5:run (default-cli) < test-compile @ city-explorer <<<
[INFO] 
[INFO] 
[INFO] --- spring-boot:3.4.5:run (default-cli) @ city-explorer ---
[INFO] Attaching agents: []

  .   ____          _            __ _ _
 /\\ / ___'_ __ _ _(_)_ __  __ _ \ \ \ \
( ( )\___ | '_ | '_| | '_ \/ _` | \ \ \ \
 \\/  ___)| |_)| | | | | || (_| |  ) ) ) )
  '  |____| .__|_| |_|_| |_\__, | / / / /
 =========|_|==============|___/=/_/_/_/

 :: Spring Boot ::                (v3.4.5)

2026-05-11T15:25:33.340+05:30  INFO 19648 --- [city-explorer] [           main] c.a.c.CityExplorerApplication            : Starting CityExplorerApplication using Java 25.0.3 with PID 19648 (C:\Users\Hp\Desktop\majorprojectai\target\classes started by Hp in C:\Users\Hp\Desktop\majorprojectai)
2026-05-11T15:25:33.343+05:30  INFO 19648 --- [city-explorer] [           main] c.a.c.CityExplorerApplication            : No active profile set, falling back to 1 default profile: "default"
2026-05-11T15:25:33.345+05:30 DEBUG 19648 --- [city-explorer] [           main] o.s.boot.SpringApplication               : Loading source class com.aurevia.cityexplorer.CityExplorerApplication
2026-05-11T15:25:33.423+05:30 DEBUG 19648 --- [city-explorer] [           main] ConfigServletWebServerApplicationContext : Refreshing org.springframework.boot.web.servlet.context.AnnotationConfigServletWebServerApplicationContext@28dcca0c
2026-05-11T15:25:34.487+05:30  INFO 19648 --- [city-explorer] [           main] .s.d.r.c.RepositoryConfigurationDelegate : Bootstrapping Spring Data JPA repositories in DEFAULT mode.
2026-05-11T15:25:34.529+05:30 DEBUG 19648 --- [city-explorer] [           main] o.s.b.a.AutoConfigurationPackages        : @EnableAutoConfiguration was declared on a class in the package 'com.aurevia.cityexplorer'. Automatic @Repository and @Entity scanning is enabled.
2026-05-11T15:25:34.616+05:30  INFO 19648 --- [city-explorer] [           main] .s.d.r.c.RepositoryConfigurationDelegate : Finished Spring Data repository scanning in 115 ms. Found 4 JPA repository interfaces.
2026-05-11T15:25:35.402+05:30 DEBUG 19648 --- [city-explorer] [           main] .s.b.w.e.t.TomcatServletWebServerFactory : Code archive: C:\Users\Hp\.m2\repository\org\springframework\boot\spring-boot\3.4.5\spring-boot-3.4.5.jar
2026-05-11T15:25:35.403+05:30 DEBUG 19648 --- [city-explorer] [           main] .s.b.w.e.t.TomcatServletWebServerFactory : Code archive: C:\Users\Hp\.m2\repository\org\springframework\boot\spring-boot\3.4.5\spring-boot-3.4.5.jar
2026-05-11T15:25:35.404+05:30 DEBUG 19648 --- [city-explorer] [           main] .s.b.w.e.t.TomcatServletWebServerFactory : None of the document roots [src/main/webapp, public, static] point to a directory and will be ignored.
2026-05-11T15:25:35.434+05:30  INFO 19648 --- [city-explorer] [           main] o.s.b.w.embedded.tomcat.TomcatWebServer  : Tomcat initialized with port 8081 (http)
2026-05-11T15:25:35.454+05:30  INFO 19648 --- [city-explorer] [           main] o.apache.catalina.core.StandardService   : Starting service [Tomcat]
2026-05-11T15:25:35.456+05:30  INFO 19648 --- [city-explorer] [           main] o.apache.catalina.core.StandardEngine    : Starting Servlet engine: [Apache Tomcat/10.1.40]
2026-05-11T15:25:35.536+05:30  INFO 19648 --- [city-explorer] [           main] o.a.c.c.C.[Tomcat].[localhost].[/]       : Initializing Spring embedded WebApplicationContext
2026-05-11T15:25:35.536+05:30 DEBUG 19648 --- [city-explorer] [           main] w.s.c.ServletWebServerApplicationContext : Published root WebApplicationContext as ServletContext attribute with name [org.springframework.web.context.WebApplicationContext.ROOT]
2026-05-11T15:25:35.537+05:30  INFO 19648 --- [city-explorer] [           main] w.s.c.ServletWebServerApplicationContext : Root WebApplicationContext: initialization completed in 2114 ms
2026-05-11T15:25:35.571+05:30 DEBUG 19648 --- [city-explorer] [           main] o.s.b.w.s.ServletContextInitializerBeans : Mapping filters: springSecurityFilterChain urls=[/*] order=-100, characterEncodingFilter urls=[/*] order=-2147483648, formContentFilter urls=[/*] order=-9900, requestContextFilter urls=[/*] order=-105
2026-05-11T15:25:35.572+05:30 DEBUG 19648 --- [city-explorer] [           main] o.s.b.w.s.ServletContextInitializerBeans : Mapping servlets: dispatcherServlet urls=[/], h2Console urls=[/h2-console/*]
2026-05-11T15:25:35.620+05:30 DEBUG 19648 --- [city-explorer] [           main] o.s.b.w.s.f.OrderedRequestContextFilter  : Filter 'requestContextFilter' configured for use
2026-05-11T15:25:35.622+05:30 DEBUG 19648 --- [city-explorer] [           main] s.b.w.s.f.OrderedCharacterEncodingFilter : Filter 'characterEncodingFilter' configured for use
2026-05-11T15:25:35.623+05:30 DEBUG 19648 --- [city-explorer] [           main] .DelegatingFilterProxyRegistrationBean$1 : Filter 'springSecurityFilterChain' configured for use
2026-05-11T15:25:35.623+05:30 DEBUG 19648 --- [city-explorer] [           main] o.s.b.w.s.f.OrderedFormContentFilter     : Filter 'formContentFilter' configured for use
2026-05-11T15:25:35.800+05:30  INFO 19648 --- [city-explorer] [           main] o.hibernate.jpa.internal.util.LogHelper  : HHH000204: Processing PersistenceUnitInfo [name: default]
2026-05-11T15:25:35.875+05:30  INFO 19648 --- [city-explorer] [           main] org.hibernate.Version                    : HHH000412: Hibernate ORM core version 6.6.13.Final
2026-05-11T15:25:35.922+05:30  INFO 19648 --- [city-explorer] [           main] o.h.c.internal.RegionFactoryInitiator    : HHH000026: Second-level cache disabled
2026-05-11T15:25:36.387+05:30  INFO 19648 --- [city-explorer] [           main] o.s.o.j.p.SpringPersistenceUnitInfo      : No LoadTimeWeaver setup: ignoring JPA class transformer
2026-05-11T15:25:36.441+05:30  INFO 19648 --- [city-explorer] [           main] com.zaxxer.hikari.HikariDataSource       : HikariPool-1 - Starting...
2026-05-11T15:25:36.771+05:30  INFO 19648 --- [city-explorer] [           main] com.zaxxer.hikari.pool.HikariPool        : HikariPool-1 - Added connection conn0: url=jdbc:h2:file:./data/aurevia-db-v2 user=SA
2026-05-11T15:25:36.774+05:30  INFO 19648 --- [city-explorer] [           main] com.zaxxer.hikari.HikariDataSource       : HikariPool-1 - Start completed.
2026-05-11T15:25:36.883+05:30  INFO 19648 --- [city-explorer] [           main] org.hibernate.orm.connections.pooling    : HHH10001005: Database info:
	Database JDBC URL [Connecting through datasource 'HikariDataSource (HikariPool-1)']
	Database driver: undefined/unknown
	Database version: 2.3.232
	Autocommit mode: undefined/unknown
	Isolation level: undefined/unknown
	Minimum pool size: undefined/unknown
	Maximum pool size: undefined/unknown
2026-05-11T15:25:38.556+05:30  INFO 19648 --- [city-explorer] [           main] o.h.e.t.j.p.i.JtaPlatformInitiator       : HHH000489: No JTA platform available (set 'hibernate.transaction.jta.platform' to enable JTA platform integration)
2026-05-11T15:25:38.647+05:30  INFO 19648 --- [city-explorer] [           main] j.LocalContainerEntityManagerFactoryBean : Initialized JPA EntityManagerFactory for persistence unit 'default'
2026-05-11T15:25:39.315+05:30  INFO 19648 --- [city-explorer] [           main] r$InitializeUserDetailsManagerConfigurer : Global AuthenticationManager configured with UserDetailsService bean with name userService
2026-05-11T15:25:39.548+05:30 DEBUG 19648 --- [city-explorer] [           main] s.w.s.m.m.a.RequestMappingHandlerMapping : 27 mappings in 'requestMappingHandlerMapping'
2026-05-11T15:25:39.680+05:30 DEBUG 19648 --- [city-explorer] [           main] o.s.w.s.handler.SimpleUrlHandlerMapping  : Patterns [/webjars/**, /**] in 'resourceHandlerMapping'
2026-05-11T15:25:39.875+05:30 DEBUG 19648 --- [city-explorer] [           main] s.w.s.m.m.a.RequestMappingHandlerAdapter : ControllerAdvice beans: 0 @ModelAttribute, 0 @InitBinder, 1 RequestBodyAdvice, 1 ResponseBodyAdvice
2026-05-11T15:25:40.023+05:30 DEBUG 19648 --- [city-explorer] [           main] .m.m.a.ExceptionHandlerExceptionResolver : ControllerAdvice beans: 0 @ExceptionHandler, 1 ResponseBodyAdvice
2026-05-11T15:25:40.089+05:30  INFO 19648 --- [city-explorer] [           main] o.s.b.a.h2.H2ConsoleAutoConfiguration    : H2 console available at '/h2-console'. Database available at 'jdbc:h2:file:./data/aurevia-db-v2'
2026-05-11T15:25:40.243+05:30  INFO 19648 --- [city-explorer] [           main] o.s.b.w.embedded.tomcat.TomcatWebServer  : Tomcat started on port 8081 (http) with context path '/'
2026-05-11T15:25:40.268+05:30 DEBUG 19648 --- [city-explorer] [           main] .s.b.a.l.ConditionEvaluationReportLogger : 


============================
CONDITIONS EVALUATION REPORT
============================


Positive matches:
-----------------

   AopAutoConfiguration matched:
      - @ConditionalOnProperty (spring.aop.auto=true) matched (OnPropertyCondition)

   AopAutoConfiguration.AspectJAutoProxyingConfiguration matched:
      - @ConditionalOnClass found required class 'org.aspectj.weaver.Advice' (OnClassCondition)

   AopAutoConfiguration.AspectJAutoProxyingConfiguration.CglibAutoProxyConfiguration matched:
      - @ConditionalOnProperty (spring.aop.proxy-target-class=true) matched (OnPropertyCondition)

   ApplicationAvailabilityAutoConfiguration#applicationAvailability matched:
      - @ConditionalOnMissingBean (types: org.springframework.boot.availability.ApplicationAvailability; SearchStrategy: all) did not find any beans (OnBeanCondition)

   DataSourceAutoConfiguration matched:
      - @ConditionalOnClass found required classes 'javax.sql.DataSource', 'org.springframework.jdbc.datasource.embedded.EmbeddedDatabaseType' (OnClassCondition)
      - @ConditionalOnMissingBean (types: io.r2dbc.spi.ConnectionFactory; SearchStrategy: all) did not find any beans (OnBeanCondition)

   DataSourceAutoConfiguration.PooledDataSourceConfiguration matched:
      - AnyNestedCondition 1 matched 1 did not; NestedCondition on DataSourceAutoConfiguration.PooledDataSourceCondition.PooledDataSourceAvailable PooledDataSource found supported DataSource; NestedCondition on DataSourceAutoConfiguration.PooledDataSourceCondition.ExplicitType @ConditionalOnProperty (spring.datasource.type) did not find property 'type' (DataSourceAutoConfiguration.PooledDataSourceCondition)
      - @ConditionalOnMissingBean (types: javax.sql.DataSource,javax.sql.XADataSource; SearchStrategy: all) did not find any beans (OnBeanCondition)

   DataSourceAutoConfiguration.PooledDataSourceConfiguration#jdbcConnectionDetails matched:
      - @ConditionalOnMissingBean (types: org.springframework.boot.autoconfigure.jdbc.JdbcConnectionDetails; SearchStrategy: all) did not find any beans (OnBeanCondition)

   DataSourceConfiguration.Hikari matched:
      - @ConditionalOnClass found required class 'com.zaxxer.hikari.HikariDataSource' (OnClassCondition)
      - @ConditionalOnProperty (spring.datasource.type=com.zaxxer.hikari.HikariDataSource) matched (OnPropertyCondition)
      - @ConditionalOnMissingBean (types: javax.sql.DataSource; SearchStrategy: all) did not find any beans (OnBeanCondition)

   DataSourceInitializationConfiguration matched:
      - @ConditionalOnClass found required class 'org.springframework.jdbc.datasource.init.DatabasePopulator' (OnClassCondition)
      - @ConditionalOnSingleCandidate (types: javax.sql.DataSource; SearchStrategy: all) found a single bean 'dataSource'; @ConditionalOnMissingBean (types: org.springframework.boot.autoconfigure.sql.init.SqlDataSourceScriptDatabaseInitializer,org.springframework.boot.autoconfigure.sql.init.SqlR2dbcScriptDatabaseInitializer; SearchStrategy: all) did not find any beans (OnBeanCondition)

   DataSourceJmxConfiguration matched:
      - @ConditionalOnProperty (spring.jmx.enabled=true) matched (OnPropertyCondition)

   DataSourceJmxConfiguration.Hikari matched:
      - @ConditionalOnClass found required class 'com.zaxxer.hikari.HikariDataSource' (OnClassCondition)
      - @ConditionalOnSingleCandidate (types: javax.sql.DataSource; SearchStrategy: all) found a single bean 'dataSource' (OnBeanCondition)

   DataSourcePoolMetadataProvidersConfiguration.HikariPoolDataSourceMetadataProviderConfiguration matched:
      - @ConditionalOnClass found required class 'com.zaxxer.hikari.HikariDataSource' (OnClassCondition)

   DataSourceTransactionManagerAutoConfiguration matched:
      - @ConditionalOnClass found required classes 'javax.sql.DataSource', 'org.springframework.jdbc.core.JdbcTemplate', 'org.springframework.transaction.TransactionManager' (OnClassCondition)

   DataSourceTransactionManagerAutoConfiguration.JdbcTransactionManagerConfiguration matched:
      - @ConditionalOnSingleCandidate (types: javax.sql.DataSource; SearchStrategy: all) found a single bean 'dataSource' (OnBeanCondition)

   DispatcherServletAutoConfiguration matched:
      - @ConditionalOnClass found required class 'org.springframework.web.servlet.DispatcherServlet' (OnClassCondition)
      - found 'session' scope (OnWebApplicationCondition)

   DispatcherServletAutoConfiguration.DispatcherServletConfiguration matched:
      - @ConditionalOnClass found required class 'jakarta.servlet.ServletRegistration' (OnClassCondition)
      - Default DispatcherServlet did not find dispatcher servlet beans (DispatcherServletAutoConfiguration.DefaultDispatcherServletCondition)

   DispatcherServletAutoConfiguration.DispatcherServletRegistrationConfiguration matched:
      - @ConditionalOnClass found required class 'jakarta.servlet.ServletRegistration' (OnClassCondition)
      - DispatcherServlet Registration did not find servlet registration bean (DispatcherServletAutoConfiguration.DispatcherServletRegistrationCondition)

   DispatcherServletAutoConfiguration.DispatcherServletRegistrationConfiguration#dispatcherServletRegistration matched:
      - @ConditionalOnBean (names: dispatcherServlet types: org.springframework.web.servlet.DispatcherServlet; SearchStrategy: all) found bean 'dispatcherServlet' (OnBeanCondition)

   EmbeddedWebServerFactoryCustomizerAutoConfiguration matched:
      - @ConditionalOnWebApplication (required) found 'session' scope (OnWebApplicationCondition)
      - @ConditionalOnWarDeployment the application is not deployed as a WAR file. (OnWarDeploymentCondition)

   EmbeddedWebServerFactoryCustomizerAutoConfiguration.TomcatWebServerFactoryCustomizerConfiguration matched:
      - @ConditionalOnClass found required classes 'org.apache.catalina.startup.Tomcat', 'org.apache.coyote.UpgradeProtocol' (OnClassCondition)

   ErrorMvcAutoConfiguration matched:
      - @ConditionalOnClass found required classes 'jakarta.servlet.Servlet', 'org.springframework.web.servlet.DispatcherServlet' (OnClassCondition)
      - found 'session' scope (OnWebApplicationCondition)

   ErrorMvcAutoConfiguration#basicErrorController matched:
      - @ConditionalOnMissingBean (types: org.springframework.boot.web.servlet.error.ErrorController; SearchStrategy: current) did not find any beans (OnBeanCondition)

   ErrorMvcAutoConfiguration#errorAttributes matched:
      - @ConditionalOnMissingBean (types: org.springframework.boot.web.servlet.error.ErrorAttributes; SearchStrategy: current) did not find any beans (OnBeanCondition)

   ErrorMvcAutoConfiguration.DefaultErrorViewResolverConfiguration#conventionErrorViewResolver matched:
      - @ConditionalOnBean (types: org.springframework.web.servlet.DispatcherServlet; SearchStrategy: all) found bean 'dispatcherServlet'; @ConditionalOnMissingBean (types: org.springframework.boot.autoconfigure.web.servlet.error.ErrorViewResolver; SearchStrategy: all) did not find any beans (OnBeanCondition)

   ErrorMvcAutoConfiguration.WhitelabelErrorViewConfiguration matched:
      - @ConditionalOnProperty (server.error.whitelabel.enabled) matched (OnPropertyCondition)
      - ErrorTemplate Missing did not find error template view (ErrorMvcAutoConfiguration.ErrorTemplateMissingCondition)

   ErrorMvcAutoConfiguration.WhitelabelErrorViewConfiguration#beanNameViewResolver matched:
      - @ConditionalOnMissingBean (types: org.springframework.web.servlet.view.BeanNameViewResolver; SearchStrategy: all) did not find any beans (OnBeanCondition)

   ErrorMvcAutoConfiguration.WhitelabelErrorViewConfiguration#defaultErrorView matched:
      - @ConditionalOnMissingBean (names: error; SearchStrategy: all) did not find any beans (OnBeanCondition)

   GenericCacheConfiguration matched:
      - Cache org.springframework.boot.autoconfigure.cache.GenericCacheConfiguration automatic cache type (CacheCondition)

   H2ConsoleAutoConfiguration matched:
      - @ConditionalOnClass found required class 'org.h2.server.web.JakartaWebServlet' (OnClassCondition)
      - found 'session' scope (OnWebApplicationCondition)
      - @ConditionalOnProperty (spring.h2.console.enabled=true) matched (OnPropertyCondition)

   HibernateJpaAutoConfiguration matched:
      - @ConditionalOnClass found required classes 'org.springframework.orm.jpa.LocalContainerEntityManagerFactoryBean', 'jakarta.persistence.EntityManager', 'org.hibernate.engine.spi.SessionImplementor' (OnClassCondition)

   HibernateJpaConfiguration matched:
      - @ConditionalOnSingleCandidate (types: javax.sql.DataSource; SearchStrategy: all) found a single bean 'dataSource' (OnBeanCondition)

   HttpClientAutoConfiguration matched:
      - @ConditionalOnClass found required class 'org.springframework.http.client.ClientHttpRequestFactory' (OnClassCondition)
      - NoneNestedConditions 0 matched 1 did not; NestedCondition on NotReactiveWebApplicationCondition.ReactiveWebApplication did not find reactive web application classes (NotReactiveWebApplicationCondition)

   HttpClientAutoConfiguration#clientHttpRequestFactoryBuilder matched:
      - @ConditionalOnMissingBean (types: org.springframework.boot.http.client.ClientHttpRequestFactoryBuilder; SearchStrategy: all) did not find any beans (OnBeanCondition)

   HttpClientAutoConfiguration#clientHttpRequestFactorySettings matched:
      - @ConditionalOnMissingBean (types: org.springframework.boot.http.client.ClientHttpRequestFactorySettings; SearchStrategy: all) did not find any beans (OnBeanCondition)

   HttpEncodingAutoConfiguration matched:
      - @ConditionalOnClass found required class 'org.springframework.web.filter.CharacterEncodingFilter' (OnClassCondition)
      - found 'session' scope (OnWebApplicationCondition)
      - @ConditionalOnProperty (server.servlet.encoding.enabled) matched (OnPropertyCondition)

   HttpEncodingAutoConfiguration#characterEncodingFilter matched:
      - @ConditionalOnMissingBean (types: org.springframework.web.filter.CharacterEncodingFilter; SearchStrategy: all) did not find any beans (OnBeanCondition)

   HttpMessageConvertersAutoConfiguration matched:
      - @ConditionalOnClass found required class 'org.springframework.http.converter.HttpMessageConverter' (OnClassCondition)
      - NoneNestedConditions 0 matched 1 did not; NestedCondition on HttpMessageConvertersAutoConfiguration.NotReactiveWebApplicationCondition.ReactiveWebApplication did not find reactive web application classes (HttpMessageConvertersAutoConfiguration.NotReactiveWebApplicationCondition)

   HttpMessageConvertersAutoConfiguration#messageConverters matched:
      - @ConditionalOnMissingBean (types: org.springframework.boot.autoconfigure.http.HttpMessageConverters; SearchStrategy: all) did not find any beans (OnBeanCondition)

   HttpMessageConvertersAutoConfiguration.StringHttpMessageConverterConfiguration matched:
      - @ConditionalOnClass found required class 'org.springframework.http.converter.StringHttpMessageConverter' (OnClassCondition)

   HttpMessageConvertersAutoConfiguration.StringHttpMessageConverterConfiguration#stringHttpMessageConverter matched:
      - @ConditionalOnMissingBean (types: org.springframework.http.converter.StringHttpMessageConverter; SearchStrategy: all) did not find any beans (OnBeanCondition)

   JacksonAutoConfiguration matched:
      - @ConditionalOnClass found required class 'com.fasterxml.jackson.databind.ObjectMapper' (OnClassCondition)

   JacksonAutoConfiguration.Jackson2ObjectMapperBuilderCustomizerConfiguration matched:
      - @ConditionalOnClass found required class 'org.springframework.http.converter.json.Jackson2ObjectMapperBuilder' (OnClassCondition)

   JacksonAutoConfiguration.JacksonObjectMapperBuilderConfiguration matched:
      - @ConditionalOnClass found required class 'org.springframework.http.converter.json.Jackson2ObjectMapperBuilder' (OnClassCondition)

   JacksonAutoConfiguration.JacksonObjectMapperBuilderConfiguration#jacksonObjectMapperBuilder matched:
      - @ConditionalOnMissingBean (types: org.springframework.http.converter.json.Jackson2ObjectMapperBuilder; SearchStrategy: all) did not find any beans (OnBeanCondition)

   JacksonAutoConfiguration.JacksonObjectMapperConfiguration matched:
      - @ConditionalOnClass found required class 'org.springframework.http.converter.json.Jackson2ObjectMapperBuilder' (OnClassCondition)

   JacksonAutoConfiguration.JacksonObjectMapperConfiguration#jacksonObjectMapper matched:
      - @ConditionalOnMissingBean (types: com.fasterxml.jackson.databind.ObjectMapper; SearchStrategy: all) did not find any beans (OnBeanCondition)

   JacksonAutoConfiguration.ParameterNamesModuleConfiguration matched:
      - @ConditionalOnClass found required class 'com.fasterxml.jackson.module.paramnames.ParameterNamesModule' (OnClassCondition)

   JacksonAutoConfiguration.ParameterNamesModuleConfiguration#parameterNamesModule matched:
      - @ConditionalOnMissingBean (types: com.fasterxml.jackson.module.paramnames.ParameterNamesModule; SearchStrategy: all) did not find any beans (OnBeanCondition)

   JacksonHttpMessageConvertersConfiguration.MappingJackson2HttpMessageConverterConfiguration matched:
      - @ConditionalOnClass found required class 'com.fasterxml.jackson.databind.ObjectMapper' (OnClassCondition)
      - @ConditionalOnProperty (spring.mvc.converters.preferred-json-mapper=jackson) matched (OnPropertyCondition)
      - @ConditionalOnBean (types: com.fasterxml.jackson.databind.ObjectMapper; SearchStrategy: all) found bean 'jacksonObjectMapper' (OnBeanCondition)

   JacksonHttpMessageConvertersConfiguration.MappingJackson2HttpMessageConverterConfiguration#mappingJackson2HttpMessageConverter matched:
      - @ConditionalOnMissingBean (types: org.springframework.http.converter.json.MappingJackson2HttpMessageConverter ignored: org.springframework.hateoas.server.mvc.TypeConstrainedMappingJackson2HttpMessageConverter,org.springframework.data.rest.webmvc.alps.AlpsJsonHttpMessageConverter; SearchStrategy: all) did not find any beans (OnBeanCondition)

   JdbcClientAutoConfiguration matched:
      - @ConditionalOnSingleCandidate (types: org.springframework.jdbc.core.namedparam.NamedParameterJdbcTemplate; SearchStrategy: all) found a single bean 'namedParameterJdbcTemplate'; @ConditionalOnMissingBean (types: org.springframework.jdbc.core.simple.JdbcClient; SearchStrategy: all) did not find any beans (OnBeanCondition)

   JdbcTemplateAutoConfiguration matched:
      - @ConditionalOnClass found required classes 'javax.sql.DataSource', 'org.springframework.jdbc.core.JdbcTemplate' (OnClassCondition)
      - @ConditionalOnSingleCandidate (types: javax.sql.DataSource; SearchStrategy: all) found a single bean 'dataSource' (OnBeanCondition)

   JdbcTemplateConfiguration matched:
      - @ConditionalOnMissingBean (types: org.springframework.jdbc.core.JdbcOperations; SearchStrategy: all) did not find any beans (OnBeanCondition)

   JpaBaseConfiguration#entityManagerFactory matched:
      - @ConditionalOnMissingBean (types: org.springframework.orm.jpa.LocalContainerEntityManagerFactoryBean,jakarta.persistence.EntityManagerFactory; SearchStrategy: all) did not find any beans (OnBeanCondition)

   JpaBaseConfiguration#entityManagerFactoryBuilder matched:
      - @ConditionalOnMissingBean (types: org.springframework.boot.orm.jpa.EntityManagerFactoryBuilder; SearchStrategy: all) did not find any beans (OnBeanCondition)

   JpaBaseConfiguration#jpaVendorAdapter matched:
      - @ConditionalOnMissingBean (types: org.springframework.orm.jpa.JpaVendorAdapter; SearchStrategy: all) did not find any beans (OnBeanCondition)

   JpaBaseConfiguration#transactionManager matched:
      - @ConditionalOnMissingBean (types: org.springframework.transaction.TransactionManager; SearchStrategy: all) did not find any beans (OnBeanCondition)

   JpaBaseConfiguration.PersistenceManagedTypesConfiguration matched:
      - @ConditionalOnMissingBean (types: org.springframework.orm.jpa.LocalContainerEntityManagerFactoryBean,jakarta.persistence.EntityManagerFactory; SearchStrategy: all) did not find any beans (OnBeanCondition)

   JpaBaseConfiguration.PersistenceManagedTypesConfiguration#persistenceManagedTypes matched:
      - @ConditionalOnMissingBean (types: org.springframework.orm.jpa.persistenceunit.PersistenceManagedTypes; SearchStrategy: all) did not find any beans (OnBeanCondition)

   JpaRepositoriesAutoConfiguration matched:
      - @ConditionalOnClass found required class 'org.springframework.data.jpa.repository.JpaRepository' (OnClassCondition)
      - @ConditionalOnProperty (spring.data.jpa.repositories.enabled=true) matched (OnPropertyCondition)
      - @ConditionalOnBean (types: javax.sql.DataSource; SearchStrategy: all) found bean 'dataSource'; @ConditionalOnMissingBean (types: org.springframework.data.jpa.repository.support.JpaRepositoryFactoryBean,org.springframework.data.jpa.repository.config.JpaRepositoryConfigExtension; SearchStrategy: all) did not find any beans (OnBeanCondition)

   JtaAutoConfiguration matched:
      - @ConditionalOnClass found required class 'jakarta.transaction.Transaction' (OnClassCondition)
      - @ConditionalOnProperty (spring.jta.enabled) matched (OnPropertyCondition)

   LifecycleAutoConfiguration#defaultLifecycleProcessor matched:
      - @ConditionalOnMissingBean (names: lifecycleProcessor; SearchStrategy: current) did not find any beans (OnBeanCondition)

   MultipartAutoConfiguration matched:
      - @ConditionalOnClass found required classes 'jakarta.servlet.Servlet', 'org.springframework.web.multipart.support.StandardServletMultipartResolver', 'jakarta.servlet.MultipartConfigElement' (OnClassCondition)
      - found 'session' scope (OnWebApplicationCondition)
      - @ConditionalOnProperty (spring.servlet.multipart.enabled) matched (OnPropertyCondition)

   MultipartAutoConfiguration#multipartConfigElement matched:
      - @ConditionalOnMissingBean (types: jakarta.servlet.MultipartConfigElement; SearchStrategy: all) did not find any beans (OnBeanCondition)

   MultipartAutoConfiguration#multipartResolver matched:
      - @ConditionalOnMissingBean (types: org.springframework.web.multipart.MultipartResolver; SearchStrategy: all) did not find any beans (OnBeanCondition)

   NamedParameterJdbcTemplateConfiguration matched:
      - @ConditionalOnSingleCandidate (types: org.springframework.jdbc.core.JdbcTemplate; SearchStrategy: all) found a single bean 'jdbcTemplate'; @ConditionalOnMissingBean (types: org.springframework.jdbc.core.namedparam.NamedParameterJdbcOperations; SearchStrategy: all) did not find any beans (OnBeanCondition)

   NoOpCacheConfiguration matched:
      - Cache org.springframework.boot.autoconfigure.cache.NoOpCacheConfiguration automatic cache type (CacheCondition)

   PersistenceExceptionTranslationAutoConfiguration matched:
      - @ConditionalOnClass found required class 'org.springframework.dao.annotation.PersistenceExceptionTranslationPostProcessor' (OnClassCondition)

   PersistenceExceptionTranslationAutoConfiguration#persistenceExceptionTranslationPostProcessor matched:
      - @ConditionalOnProperty (spring.dao.exceptiontranslation.enabled) matched (OnPropertyCondition)
      - @ConditionalOnMissingBean (types: org.springframework.dao.annotation.PersistenceExceptionTranslationPostProcessor; SearchStrategy: all) did not find any beans (OnBeanCondition)

   PropertyPlaceholderAutoConfiguration#propertySourcesPlaceholderConfigurer matched:
      - @ConditionalOnMissingBean (types: org.springframework.context.support.PropertySourcesPlaceholderConfigurer; SearchStrategy: current) did not find any beans (OnBeanCondition)

   RestClientAutoConfiguration matched:
      - @ConditionalOnClass found required class 'org.springframework.web.client.RestClient' (OnClassCondition)
      - NoneNestedConditions 0 matched 1 did not; NestedCondition on NotReactiveWebApplicationCondition.ReactiveWebApplication did not find reactive web application classes (NotReactiveWebApplicationCondition)

   RestClientAutoConfiguration#httpMessageConvertersRestClientCustomizer matched:
      - @ConditionalOnMissingBean (types: org.springframework.boot.autoconfigure.web.client.HttpMessageConvertersRestClientCustomizer; SearchStrategy: all) did not find any beans (OnBeanCondition)

   RestClientAutoConfiguration#restClientBuilder matched:
      - @ConditionalOnMissingBean (types: org.springframework.web.client.RestClient$Builder; SearchStrategy: all) did not find any beans (OnBeanCondition)

   RestClientAutoConfiguration#restClientBuilderConfigurer matched:
      - @ConditionalOnMissingBean (types: org.springframework.boot.autoconfigure.web.client.RestClientBuilderConfigurer; SearchStrategy: all) did not find any beans (OnBeanCondition)

   RestClientAutoConfiguration#restClientSsl matched:
      - @ConditionalOnBean (types: org.springframework.boot.ssl.SslBundles; SearchStrategy: all) found bean 'sslBundleRegistry'; @ConditionalOnMissingBean (types: org.springframework.boot.autoconfigure.web.client.RestClientSsl; SearchStrategy: all) did not find any beans (OnBeanCondition)

   RestTemplateAutoConfiguration matched:
      - @ConditionalOnClass found required class 'org.springframework.web.client.RestTemplate' (OnClassCondition)
      - NoneNestedConditions 0 matched 1 did not; NestedCondition on NotReactiveWebApplicationCondition.ReactiveWebApplication did not find reactive web application classes (NotReactiveWebApplicationCondition)

   RestTemplateAutoConfiguration#restTemplateBuilder matched:
      - @ConditionalOnMissingBean (types: org.springframework.boot.web.client.RestTemplateBuilder; SearchStrategy: all) did not find any beans (OnBeanCondition)

   SecurityAutoConfiguration matched:
      - @ConditionalOnClass found required class 'org.springframework.security.authentication.DefaultAuthenticationEventPublisher' (OnClassCondition)

   SecurityAutoConfiguration#authenticationEventPublisher matched:
      - @ConditionalOnMissingBean (types: org.springframework.security.authentication.AuthenticationEventPublisher; SearchStrategy: all) did not find any beans (OnBeanCondition)

   SecurityFilterAutoConfiguration matched:
      - @ConditionalOnClass found required classes 'org.springframework.security.web.context.AbstractSecurityWebApplicationInitializer', 'org.springframework.security.config.http.SessionCreationPolicy' (OnClassCondition)
      - found 'session' scope (OnWebApplicationCondition)

   SecurityFilterAutoConfiguration#securityFilterChainRegistration matched:
      - @ConditionalOnBean (names: springSecurityFilterChain; SearchStrategy: all) found bean 'springSecurityFilterChain' (OnBeanCondition)

   ServletWebServerFactoryAutoConfiguration matched:
      - @ConditionalOnClass found required class 'jakarta.servlet.ServletRequest' (OnClassCondition)
      - found 'session' scope (OnWebApplicationCondition)

   ServletWebServerFactoryAutoConfiguration#tomcatServletWebServerFactoryCustomizer matched:
      - @ConditionalOnClass found required class 'org.apache.catalina.startup.Tomcat' (OnClassCondition)

   ServletWebServerFactoryConfiguration.EmbeddedTomcat matched:
      - @ConditionalOnClass found required classes 'jakarta.servlet.Servlet', 'org.apache.catalina.startup.Tomcat', 'org.apache.coyote.UpgradeProtocol' (OnClassCondition)
      - @ConditionalOnMissingBean (types: org.springframework.boot.web.servlet.server.ServletWebServerFactory; SearchStrategy: current) did not find any beans (OnBeanCondition)

   SimpleCacheConfiguration matched:
      - Cache org.springframework.boot.autoconfigure.cache.SimpleCacheConfiguration automatic cache type (CacheCondition)

   SpringBootWebSecurityConfiguration matched:
      - found 'session' scope (OnWebApplicationCondition)

   SpringBootWebSecurityConfiguration.WebSecurityEnablerConfiguration matched:
      - @ConditionalOnClass found required class 'org.springframework.security.config.annotation.web.configuration.EnableWebSecurity' (OnClassCondition)
      - @ConditionalOnMissingBean (names: springSecurityFilterChain; SearchStrategy: all) did not find any beans (OnBeanCondition)

   SpringDataWebAutoConfiguration matched:
      - @ConditionalOnClass found required classes 'org.springframework.data.web.PageableHandlerMethodArgumentResolver', 'org.springframework.web.servlet.config.annotation.WebMvcConfigurer' (OnClassCondition)
      - found 'session' scope (OnWebApplicationCondition)
      - @ConditionalOnMissingBean (types: org.springframework.data.web.PageableHandlerMethodArgumentResolver; SearchStrategy: all) did not find any beans (OnBeanCondition)

   SpringDataWebAutoConfiguration#pageableCustomizer matched:
      - @ConditionalOnMissingBean (types: org.springframework.data.web.config.PageableHandlerMethodArgumentResolverCustomizer; SearchStrategy: all) did not find any beans (OnBeanCondition)

   SpringDataWebAutoConfiguration#sortCustomizer matched:
      - @ConditionalOnMissingBean (types: org.springframework.data.web.config.SortHandlerMethodArgumentResolverCustomizer; SearchStrategy: all) did not find any beans (OnBeanCondition)

   SpringDataWebAutoConfiguration#springDataWebSettings matched:
      - @ConditionalOnMissingBean (types: org.springframework.data.web.config.SpringDataWebSettings; SearchStrategy: all) did not find any beans (OnBeanCondition)

   SqlInitializationAutoConfiguration matched:
      - @ConditionalOnProperty (spring.sql.init.enabled) matched (OnPropertyCondition)
      - NoneNestedConditions 0 matched 1 did not; NestedCondition on SqlInitializationAutoConfiguration.SqlInitializationModeCondition.ModeIsNever @ConditionalOnProperty (spring.sql.init.mode=never) did not find property 'mode' (SqlInitializationAutoConfiguration.SqlInitializationModeCondition)

   SslAutoConfiguration#sslBundleRegistry matched:
      - @ConditionalOnMissingBean (types: org.springframework.boot.ssl.SslBundleRegistry,org.springframework.boot.ssl.SslBundles; SearchStrategy: all) did not find any beans (OnBeanCondition)

   TaskExecutionAutoConfiguration matched:
      - @ConditionalOnClass found required class 'org.springframework.scheduling.concurrent.ThreadPoolTaskExecutor' (OnClassCondition)

   TaskExecutorConfigurations.SimpleAsyncTaskExecutorBuilderConfiguration#simpleAsyncTaskExecutorBuilder matched:
      - @ConditionalOnMissingBean (types: org.springframework.boot.task.SimpleAsyncTaskExecutorBuilder; SearchStrategy: all) did not find any beans (OnBeanCondition)
      - @ConditionalOnThreading found PLATFORM (OnThreadingCondition)

   TaskExecutorConfigurations.TaskExecutorConfiguration matched:
      - @ConditionalOnMissingBean (types: java.util.concurrent.Executor; SearchStrategy: all) did not find any beans (OnBeanCondition)

   TaskExecutorConfigurations.TaskExecutorConfiguration#applicationTaskExecutor matched:
      - @ConditionalOnThreading found PLATFORM (OnThreadingCondition)

   TaskExecutorConfigurations.ThreadPoolTaskExecutorBuilderConfiguration#threadPoolTaskExecutorBuilder matched:
      - @ConditionalOnMissingBean (types: org.springframework.boot.task.ThreadPoolTaskExecutorBuilder; SearchStrategy: all) did not find any beans (OnBeanCondition)

   TaskSchedulingAutoConfiguration matched:
      - @ConditionalOnClass found required class 'org.springframework.scheduling.concurrent.ThreadPoolTaskScheduler' (OnClassCondition)

   TaskSchedulingConfigurations.SimpleAsyncTaskSchedulerBuilderConfiguration#simpleAsyncTaskSchedulerBuilder matched:
      - @ConditionalOnMissingBean (types: org.springframework.boot.task.SimpleAsyncTaskSchedulerBuilder; SearchStrategy: all) did not find any beans (OnBeanCondition)
      - @ConditionalOnThreading found PLATFORM (OnThreadingCondition)

   TaskSchedulingConfigurations.ThreadPoolTaskSchedulerBuilderConfiguration#threadPoolTaskSchedulerBuilder matched:
      - @ConditionalOnMissingBean (types: org.springframework.boot.task.ThreadPoolTaskSchedulerBuilder; SearchStrategy: all) did not find any beans (OnBeanCondition)

   TemplateEngineConfigurations.DefaultTemplateEngineConfiguration#templateEngine matched:
      - @ConditionalOnMissingBean (types: org.thymeleaf.spring6.ISpringTemplateEngine; SearchStrategy: all) did not find any beans (OnBeanCondition)

   ThymeleafAutoConfiguration matched:
      - @ConditionalOnClass found required classes 'org.thymeleaf.templatemode.TemplateMode', 'org.thymeleaf.spring6.SpringTemplateEngine' (OnClassCondition)

   ThymeleafAutoConfiguration.DefaultTemplateResolverConfiguration matched:
      - @ConditionalOnMissingBean (names: defaultTemplateResolver; SearchStrategy: all) did not find any beans (OnBeanCondition)

   ThymeleafAutoConfiguration.ThymeleafWebMvcConfiguration matched:
      - found 'session' scope (OnWebApplicationCondition)
      - @ConditionalOnProperty (spring.thymeleaf.enabled) matched (OnPropertyCondition)

   ThymeleafAutoConfiguration.ThymeleafWebMvcConfiguration.ThymeleafViewResolverConfiguration matched:
      - @ConditionalOnClass found required class 'org.springframework.web.servlet.view.AbstractCachingViewResolver' (OnClassCondition)

   ThymeleafAutoConfiguration.ThymeleafWebMvcConfiguration.ThymeleafViewResolverConfiguration#thymeleafViewResolver matched:
      - @ConditionalOnMissingBean (names: thymeleafViewResolver; SearchStrategy: all) did not find any beans (OnBeanCondition)

   TransactionAutoConfiguration matched:
      - @ConditionalOnClass found required class 'org.springframework.transaction.PlatformTransactionManager' (OnClassCondition)

   TransactionAutoConfiguration.EnableTransactionManagementConfiguration matched:
      - @ConditionalOnBean (types: org.springframework.transaction.TransactionManager; SearchStrategy: all) found bean 'transactionManager'; @ConditionalOnMissingBean (types: org.springframework.transaction.annotation.AbstractTransactionManagementConfiguration; SearchStrategy: all) did not find any beans (OnBeanCondition)

   TransactionAutoConfiguration.EnableTransactionManagementConfiguration.CglibAutoProxyConfiguration matched:
      - @ConditionalOnProperty (spring.aop.proxy-target-class=true) matched (OnPropertyCondition)

   TransactionAutoConfiguration.TransactionTemplateConfiguration matched:
      - @ConditionalOnSingleCandidate (types: org.springframework.transaction.PlatformTransactionManager; SearchStrategy: all) found a single bean 'transactionManager' (OnBeanCondition)

   TransactionAutoConfiguration.TransactionTemplateConfiguration#transactionTemplate matched:
      - @ConditionalOnMissingBean (types: org.springframework.transaction.support.TransactionOperations; SearchStrategy: all) did not find any beans (OnBeanCondition)

   TransactionManagerCustomizationAutoConfiguration matched:
      - @ConditionalOnClass found required class 'org.springframework.transaction.PlatformTransactionManager' (OnClassCondition)

   TransactionManagerCustomizationAutoConfiguration#platformTransactionManagerCustomizers matched:
      - @ConditionalOnMissingBean (types: org.springframework.boot.autoconfigure.transaction.TransactionManagerCustomizers; SearchStrategy: all) did not find any beans (OnBeanCondition)

   ValidationAutoConfiguration matched:
      - @ConditionalOnClass found required class 'jakarta.validation.executable.ExecutableValidator' (OnClassCondition)
      - @ConditionalOnResource found location classpath:META-INF/services/jakarta.validation.spi.ValidationProvider (OnResourceCondition)

   ValidationAutoConfiguration#defaultValidator matched:
      - @ConditionalOnMissingBean (types: jakarta.validation.Validator; SearchStrategy: all) did not find any beans (OnBeanCondition)

   ValidationAutoConfiguration#methodValidationPostProcessor matched:
      - @ConditionalOnMissingBean (types: org.springframework.validation.beanvalidation.MethodValidationPostProcessor; SearchStrategy: current) did not find any beans (OnBeanCondition)

   WebMvcAutoConfiguration matched:
      - @ConditionalOnClass found required classes 'jakarta.servlet.Servlet', 'org.springframework.web.servlet.DispatcherServlet', 'org.springframework.web.servlet.config.annotation.WebMvcConfigurer' (OnClassCondition)
      - found 'session' scope (OnWebApplicationCondition)
      - @ConditionalOnMissingBean (types: org.springframework.web.servlet.config.annotation.WebMvcConfigurationSupport; SearchStrategy: all) did not find any beans (OnBeanCondition)

   WebMvcAutoConfiguration#formContentFilter matched:
      - @ConditionalOnProperty (spring.mvc.formcontent.filter.enabled) matched (OnPropertyCondition)
      - @ConditionalOnMissingBean (types: org.springframework.web.filter.FormContentFilter; SearchStrategy: all) did not find any beans (OnBeanCondition)

   WebMvcAutoConfiguration.EnableWebMvcConfiguration#flashMapManager matched:
      - @ConditionalOnMissingBean (names: flashMapManager; SearchStrategy: all) did not find any beans (OnBeanCondition)

   WebMvcAutoConfiguration.EnableWebMvcConfiguration#localeResolver matched:
      - @ConditionalOnMissingBean (names: localeResolver; SearchStrategy: all) did not find any beans (OnBeanCondition)

   WebMvcAutoConfiguration.EnableWebMvcConfiguration#themeResolver matched:
      - @ConditionalOnMissingBean (names: themeResolver; SearchStrategy: all) did not find any beans (OnBeanCondition)

   WebMvcAutoConfiguration.EnableWebMvcConfiguration#viewNameTranslator matched:
      - @ConditionalOnMissingBean (names: viewNameTranslator; SearchStrategy: all) did not find any beans (OnBeanCondition)

   WebMvcAutoConfiguration.WebMvcAutoConfigurationAdapter#defaultViewResolver matched:
      - @ConditionalOnMissingBean (types: org.springframework.web.servlet.view.InternalResourceViewResolver; SearchStrategy: all) did not find any beans (OnBeanCondition)

   WebMvcAutoConfiguration.WebMvcAutoConfigurationAdapter#requestContextFilter matched:
      - @ConditionalOnMissingBean (types: org.springframework.web.context.request.RequestContextListener,org.springframework.web.filter.RequestContextFilter; SearchStrategy: all) did not find any beans (OnBeanCondition)

   WebMvcAutoConfiguration.WebMvcAutoConfigurationAdapter#viewResolver matched:
      - @ConditionalOnBean (types: org.springframework.web.servlet.ViewResolver; SearchStrategy: all) found beans 'defaultViewResolver', 'beanNameViewResolver', 'mvcViewResolver'; @ConditionalOnMissingBean (names: viewResolver types: org.springframework.web.servlet.view.ContentNegotiatingViewResolver; SearchStrategy: all) did not find any beans (OnBeanCondition)

   WebSocketServletAutoConfiguration matched:
      - @ConditionalOnClass found required classes 'jakarta.servlet.Servlet', 'jakarta.websocket.server.ServerContainer' (OnClassCondition)
      - found 'session' scope (OnWebApplicationCondition)

   WebSocketServletAutoConfiguration.TomcatWebSocketConfiguration matched:
      - @ConditionalOnClass found required classes 'org.apache.catalina.startup.Tomcat', 'org.apache.tomcat.websocket.server.WsSci' (OnClassCondition)

   WebSocketServletAutoConfiguration.TomcatWebSocketConfiguration#websocketServletWebServerCustomizer matched:
      - @ConditionalOnMissingBean (names: websocketServletWebServerCustomizer; SearchStrategy: all) did not find any beans (OnBeanCondition)


Negative matches:
-----------------

   ActiveMQAutoConfiguration:
      Did not match:
         - @ConditionalOnClass did not find required class 'jakarta.jms.ConnectionFactory' (OnClassCondition)

   AopAutoConfiguration.AspectJAutoProxyingConfiguration.JdkDynamicAutoProxyConfiguration:
      Did not match:
         - @ConditionalOnProperty (spring.aop.proxy-target-class=false) did not find property 'proxy-target-class' (OnPropertyCondition)

   AopAutoConfiguration.ClassProxyingConfiguration:
      Did not match:
         - @ConditionalOnMissingClass found unwanted class 'org.aspectj.weaver.Advice' (OnClassCondition)

   ArtemisAutoConfiguration:
      Did not match:
         - @ConditionalOnClass did not find required class 'jakarta.jms.ConnectionFactory' (OnClassCondition)

   BatchAutoConfiguration:
      Did not match:
         - @ConditionalOnClass did not find required class 'org.springframework.batch.core.launch.JobLauncher' (OnClassCondition)

   Cache2kCacheConfiguration:
      Did not match:
         - @ConditionalOnClass did not find required class 'org.cache2k.Cache2kBuilder' (OnClassCondition)

   CacheAutoConfiguration:
      Did not match:
         - @ConditionalOnBean (types: org.springframework.cache.interceptor.CacheAspectSupport; SearchStrategy: all) did not find any beans of type org.springframework.cache.interceptor.CacheAspectSupport (OnBeanCondition)
      Matched:
         - @ConditionalOnClass found required class 'org.springframework.cache.CacheManager' (OnClassCondition)

   CacheAutoConfiguration.CacheManagerEntityManagerFactoryDependsOnPostProcessor:
      Did not match:
         - Ancestor org.springframework.boot.autoconfigure.cache.CacheAutoConfiguration did not match (ConditionEvaluationReport.AncestorsMatchedCondition)
      Matched:
         - @ConditionalOnClass found required class 'org.springframework.orm.jpa.LocalContainerEntityManagerFactoryBean' (OnClassCondition)

   CaffeineCacheConfiguration:
      Did not match:
         - @ConditionalOnClass did not find required class 'com.github.benmanes.caffeine.cache.Caffeine' (OnClassCondition)

   CassandraAutoConfiguration:
      Did not match:
         - @ConditionalOnClass did not find required class 'com.datastax.oss.driver.api.core.CqlSession' (OnClassCondition)

   CassandraDataAutoConfiguration:
      Did not match:
         - @ConditionalOnClass did not find required class 'com.datastax.oss.driver.api.core.CqlSession' (OnClassCondition)

   CassandraReactiveDataAutoConfiguration:
      Did not match:
         - @ConditionalOnClass did not find required class 'com.datastax.oss.driver.api.core.CqlSession' (OnClassCondition)

   CassandraReactiveRepositoriesAutoConfiguration:
      Did not match:
         - @ConditionalOnClass did not find required class 'org.springframework.data.cassandra.ReactiveSession' (OnClassCondition)

   CassandraRepositoriesAutoConfiguration:
      Did not match:
         - @ConditionalOnClass did not find required class 'com.datastax.oss.driver.api.core.CqlSession' (OnClassCondition)

   ClientHttpConnectorAutoConfiguration:
      Did not match:
         - @ConditionalOnClass did not find required class 'org.springframework.web.reactive.function.client.WebClient' (OnClassCondition)

   CodecsAutoConfiguration:
      Did not match:
         - @ConditionalOnClass did not find required class 'org.springframework.web.reactive.function.client.WebClient' (OnClassCondition)

   CouchbaseAutoConfiguration:
      Did not match:
         - @ConditionalOnClass did not find required class 'com.couchbase.client.java.Cluster' (OnClassCondition)

   CouchbaseCacheConfiguration:
      Did not match:
         - @ConditionalOnClass did not find required class 'com.couchbase.client.java.Cluster' (OnClassCondition)

   CouchbaseDataAutoConfiguration:
      Did not match:
         - @ConditionalOnClass did not find required class 'com.couchbase.client.java.Bucket' (OnClassCondition)

   CouchbaseReactiveDataAutoConfiguration:
      Did not match:
         - @ConditionalOnClass did not find required class 'com.couchbase.client.java.Cluster' (OnClassCondition)

   CouchbaseReactiveRepositoriesAutoConfiguration:
      Did not match:
         - @ConditionalOnClass did not find required class 'com.couchbase.client.java.Cluster' (OnClassCondition)

   CouchbaseRepositoriesAutoConfiguration:
      Did not match:
         - @ConditionalOnClass did not find required class 'com.couchbase.client.java.Bucket' (OnClassCondition)

   DataSourceAutoConfiguration.EmbeddedDatabaseConfiguration:
      Did not match:
         - EmbeddedDataSource spring.datasource.url is set (DataSourceAutoConfiguration.EmbeddedDatabaseCondition)

   DataSourceCheckpointRestoreConfiguration:
      Did not match:
         - @ConditionalOnClass did not find required class 'org.crac.Resource' (OnClassCondition)

   DataSourceConfiguration.Dbcp2:
      Did not match:
         - @ConditionalOnClass did not find required class 'org.apache.commons.dbcp2.BasicDataSource' (OnClassCondition)

   DataSourceConfiguration.Generic:
      Did not match:
         - @ConditionalOnProperty (spring.datasource.type) did not find property 'spring.datasource.type' (OnPropertyCondition)

   DataSourceConfiguration.OracleUcp:
      Did not match:
         - @ConditionalOnClass did not find required classes 'oracle.ucp.jdbc.PoolDataSourceImpl', 'oracle.jdbc.OracleConnection' (OnClassCondition)

   DataSourceConfiguration.Tomcat:
      Did not match:
         - @ConditionalOnClass did not find required class 'org.apache.tomcat.jdbc.pool.DataSource' (OnClassCondition)

   DataSourceJmxConfiguration.TomcatDataSourceJmxConfiguration:
      Did not match:
         - @ConditionalOnClass did not find required class 'org.apache.tomcat.jdbc.pool.DataSourceProxy' (OnClassCondition)

   DataSourcePoolMetadataProvidersConfiguration.CommonsDbcp2PoolDataSourceMetadataProviderConfiguration:
      Did not match:
         - @ConditionalOnClass did not find required class 'org.apache.commons.dbcp2.BasicDataSource' (OnClassCondition)

   DataSourcePoolMetadataProvidersConfiguration.OracleUcpPoolDataSourceMetadataProviderConfiguration:
      Did not match:
         - @ConditionalOnClass did not find required classes 'oracle.ucp.jdbc.PoolDataSource', 'oracle.jdbc.OracleConnection' (OnClassCondition)

   DataSourcePoolMetadataProvidersConfiguration.TomcatDataSourcePoolMetadataProviderConfiguration:
      Did not match:
         - @ConditionalOnClass did not find required class 'org.apache.tomcat.jdbc.pool.DataSource' (OnClassCondition)

   DataSourceTransactionManagerAutoConfiguration.JdbcTransactionManagerConfiguration#transactionManager:
      Did not match:
         - @ConditionalOnMissingBean (types: org.springframework.transaction.TransactionManager; SearchStrategy: all) found beans of type 'org.springframework.transaction.TransactionManager' transactionManager (OnBeanCondition)

   DispatcherServletAutoConfiguration.DispatcherServletConfiguration#multipartResolver:
      Did not match:
         - @ConditionalOnBean (types: org.springframework.web.multipart.MultipartResolver; SearchStrategy: all) did not find any beans of type org.springframework.web.multipart.MultipartResolver (OnBeanCondition)

   ElasticsearchClientAutoConfiguration:
      Did not match:
         - @ConditionalOnClass did not find required class 'co.elastic.clients.elasticsearch.ElasticsearchClient' (OnClassCondition)

   ElasticsearchDataAutoConfiguration:
      Did not match:
         - @ConditionalOnClass did not find required class 'org.springframework.data.elasticsearch.client.elc.ElasticsearchTemplate' (OnClassCondition)

   ElasticsearchRepositoriesAutoConfiguration:
      Did not match:
         - @ConditionalOnClass did not find required class 'org.springframework.data.elasticsearch.repository.ElasticsearchRepository' (OnClassCondition)

   ElasticsearchRestClientAutoConfiguration:
      Did not match:
         - @ConditionalOnClass did not find required class 'org.elasticsearch.client.RestClientBuilder' (OnClassCondition)

   EmbeddedLdapAutoConfiguration:
      Did not match:
         - @ConditionalOnClass did not find required class 'com.unboundid.ldap.listener.InMemoryDirectoryServer' (OnClassCondition)

   EmbeddedWebServerFactoryCustomizerAutoConfiguration.JettyWebServerFactoryCustomizerConfiguration:
      Did not match:
         - @ConditionalOnClass did not find required classes 'org.eclipse.jetty.server.Server', 'org.eclipse.jetty.util.Loader', 'org.eclipse.jetty.ee10.webapp.WebAppContext' (OnClassCondition)

   EmbeddedWebServerFactoryCustomizerAutoConfiguration.NettyWebServerFactoryCustomizerConfiguration:
      Did not match:
         - @ConditionalOnClass did not find required class 'reactor.netty.http.server.HttpServer' (OnClassCondition)

   EmbeddedWebServerFactoryCustomizerAutoConfiguration.TomcatWebServerFactoryCustomizerConfiguration#tomcatVirtualThreadsProtocolHandlerCustomizer:
      Did not match:
         - @ConditionalOnThreading did not find VIRTUAL (OnThreadingCondition)

   EmbeddedWebServerFactoryCustomizerAutoConfiguration.UndertowWebServerFactoryCustomizerConfiguration:
      Did not match:
         - @ConditionalOnClass did not find required classes 'io.undertow.Undertow', 'org.xnio.SslClientAuthMode' (OnClassCondition)

   ErrorWebFluxAutoConfiguration:
      Did not match:
         - @ConditionalOnClass did not find required class 'org.springframework.web.reactive.config.WebFluxConfigurer' (OnClassCondition)

   FlywayAutoConfiguration:
      Did not match:
         - @ConditionalOnClass did not find required class 'org.flywaydb.core.Flyway' (OnClassCondition)

   FreeMarkerAutoConfiguration:
      Did not match:
         - @ConditionalOnClass did not find required class 'freemarker.template.Configuration' (OnClassCondition)

   GraphQlAutoConfiguration:
      Did not match:
         - @ConditionalOnClass did not find required class 'graphql.GraphQL' (OnClassCondition)

   GraphQlQueryByExampleAutoConfiguration:
      Did not match:
         - @ConditionalOnClass did not find required class 'graphql.GraphQL' (OnClassCondition)

   GraphQlQuerydslAutoConfiguration:
      Did not match:
         - @ConditionalOnClass did not find required class 'com.querydsl.core.Query' (OnClassCondition)

   GraphQlRSocketAutoConfiguration:
      Did not match:
         - @ConditionalOnClass did not find required class 'graphql.GraphQL' (OnClassCondition)

   GraphQlReactiveQueryByExampleAutoConfiguration:
      Did not match:
         - @ConditionalOnClass did not find required class 'graphql.GraphQL' (OnClassCondition)

   GraphQlReactiveQuerydslAutoConfiguration:
      Did not match:
         - @ConditionalOnClass did not find required class 'com.querydsl.core.Query' (OnClassCondition)

   GraphQlWebFluxAutoConfiguration:
      Did not match:
         - @ConditionalOnClass did not find required class 'graphql.GraphQL' (OnClassCondition)

   GraphQlWebFluxSecurityAutoConfiguration:
      Did not match:
         - @ConditionalOnClass did not find required class 'graphql.GraphQL' (OnClassCondition)

   GraphQlWebMvcAutoConfiguration:
      Did not match:
         - @ConditionalOnClass did not find required class 'graphql.GraphQL' (OnClassCondition)

   GraphQlWebMvcSecurityAutoConfiguration:
      Did not match:
         - @ConditionalOnClass did not find required class 'graphql.GraphQL' (OnClassCondition)

   GroovyTemplateAutoConfiguration:
      Did not match:
         - @ConditionalOnClass did not find required class 'groovy.text.markup.MarkupTemplateEngine' (OnClassCondition)

   GsonAutoConfiguration:
      Did not match:
         - @ConditionalOnClass did not find required class 'com.google.gson.Gson' (OnClassCondition)

   GsonHttpMessageConvertersConfiguration:
      Did not match:
         - @ConditionalOnClass did not find required class 'com.google.gson.Gson' (OnClassCondition)

   HazelcastAutoConfiguration:
      Did not match:
         - @ConditionalOnClass did not find required class 'com.hazelcast.core.HazelcastInstance' (OnClassCondition)

   HazelcastCacheConfiguration:
      Did not match:
         - @ConditionalOnClass did not find required class 'com.hazelcast.core.HazelcastInstance' (OnClassCondition)

   HazelcastJpaDependencyAutoConfiguration:
      Did not match:
         - @ConditionalOnClass did not find required class 'com.hazelcast.core.HazelcastInstance' (OnClassCondition)

   HttpHandlerAutoConfiguration:
      Did not match:
         - @ConditionalOnClass did not find required class 'org.springframework.web.reactive.DispatcherHandler' (OnClassCondition)

   HypermediaAutoConfiguration:
      Did not match:
         - @ConditionalOnClass did not find required class 'org.springframework.hateoas.EntityModel' (OnClassCondition)

   InfinispanCacheConfiguration:
      Did not match:
         - @ConditionalOnClass did not find required class 'org.infinispan.spring.embedded.provider.SpringEmbeddedCacheManager' (OnClassCondition)

   IntegrationAutoConfiguration:
      Did not match:
         - @ConditionalOnClass did not find required class 'org.springframework.integration.config.EnableIntegration' (OnClassCondition)

   JCacheCacheConfiguration:
      Did not match:
         - @ConditionalOnClass did not find required class 'javax.cache.Caching' (OnClassCondition)

   JacksonHttpMessageConvertersConfiguration.MappingJackson2XmlHttpMessageConverterConfiguration:
      Did not match:
         - @ConditionalOnClass did not find required class 'com.fasterxml.jackson.dataformat.xml.XmlMapper' (OnClassCondition)

   JdbcRepositoriesAutoConfiguration:
      Did not match:
         - @ConditionalOnClass did not find required class 'org.springframework.data.jdbc.repository.config.AbstractJdbcConfiguration' (OnClassCondition)

   JerseyAutoConfiguration:
      Did not match:
         - @ConditionalOnClass did not find required class 'org.glassfish.jersey.server.spring.SpringComponentProvider' (OnClassCondition)

   JmsAutoConfiguration:
      Did not match:
         - @ConditionalOnClass did not find required class 'jakarta.jms.Message' (OnClassCondition)

   JmxAutoConfiguration:
      Did not match:
         - @ConditionalOnProperty (spring.jmx.enabled=true) did not find property 'enabled' (OnPropertyCondition)
      Matched:
         - @ConditionalOnClass found required class 'org.springframework.jmx.export.MBeanExporter' (OnClassCondition)

   JndiConnectionFactoryAutoConfiguration:
      Did not match:
         - @ConditionalOnClass did not find required class 'org.springframework.jms.core.JmsTemplate' (OnClassCondition)

   JndiDataSourceAutoConfiguration:
      Did not match:
         - @ConditionalOnProperty (spring.datasource.jndi-name) did not find property 'jndi-name' (OnPropertyCondition)
      Matched:
         - @ConditionalOnClass found required classes 'javax.sql.DataSource', 'org.springframework.jdbc.datasource.embedded.EmbeddedDatabaseType' (OnClassCondition)

   JndiJtaConfiguration:
      Did not match:
         - @ConditionalOnJndi JNDI environment is not available (OnJndiCondition)
      Matched:
         - @ConditionalOnClass found required class 'org.springframework.transaction.jta.JtaTransactionManager' (OnClassCondition)

   JooqAutoConfiguration:
      Did not match:
         - @ConditionalOnClass did not find required class 'org.jooq.DSLContext' (OnClassCondition)

   JpaBaseConfiguration.JpaWebConfiguration:
      Did not match:
         - @ConditionalOnProperty (spring.jpa.open-in-view=true) found different value in property 'open-in-view' (OnPropertyCondition)
      Matched:
         - @ConditionalOnClass found required class 'org.springframework.web.servlet.config.annotation.WebMvcConfigurer' (OnClassCondition)
         - found 'session' scope (OnWebApplicationCondition)

   JpaRepositoriesAutoConfiguration#entityManagerFactoryBootstrapExecutorCustomizer:
      Did not match:
         - AnyNestedCondition 0 matched 2 did not; NestedCondition on JpaRepositoriesAutoConfiguration.BootstrapExecutorCondition.LazyBootstrapMode @ConditionalOnProperty (spring.data.jpa.repositories.bootstrap-mode=lazy) did not find property 'bootstrap-mode'; NestedCondition on JpaRepositoriesAutoConfiguration.BootstrapExecutorCondition.DeferredBootstrapMode @ConditionalOnProperty (spring.data.jpa.repositories.bootstrap-mode=deferred) did not find property 'bootstrap-mode' (JpaRepositoriesAutoConfiguration.BootstrapExecutorCondition)

   JsonbAutoConfiguration:
      Did not match:
         - @ConditionalOnClass did not find required class 'jakarta.json.bind.Jsonb' (OnClassCondition)

   JsonbHttpMessageConvertersConfiguration:
      Did not match:
         - @ConditionalOnClass did not find required class 'jakarta.json.bind.Jsonb' (OnClassCondition)

   KafkaAutoConfiguration:
      Did not match:
         - @ConditionalOnClass did not find required class 'org.springframework.kafka.core.KafkaTemplate' (OnClassCondition)

   LdapAutoConfiguration:
      Did not match:
         - @ConditionalOnClass did not find required class 'org.springframework.ldap.core.ContextSource' (OnClassCondition)

   LdapRepositoriesAutoConfiguration:
      Did not match:
         - @ConditionalOnClass did not find required class 'org.springframework.data.ldap.repository.LdapRepository' (OnClassCondition)

   LiquibaseAutoConfiguration:
      Did not match:
         - @ConditionalOnClass did not find required class 'liquibase.change.DatabaseChange' (OnClassCondition)

   MailSenderAutoConfiguration:
      Did not match:
         - @ConditionalOnClass did not find required class 'jakarta.mail.internet.MimeMessage' (OnClassCondition)

   MailSenderValidatorAutoConfiguration:
      Did not match:
         - @ConditionalOnSingleCandidate did not find required type 'org.springframework.mail.javamail.JavaMailSenderImpl' (OnBeanCondition)

   MessageSourceAutoConfiguration:
      Did not match:
         - ResourceBundle did not find bundle with basename messages (MessageSourceAutoConfiguration.ResourceBundleCondition)

   MongoAutoConfiguration:
      Did not match:
         - @ConditionalOnClass did not find required class 'com.mongodb.client.MongoClient' (OnClassCondition)

   MongoDataAutoConfiguration:
      Did not match:
         - @ConditionalOnClass did not find required class 'com.mongodb.client.MongoClient' (OnClassCondition)

   MongoReactiveAutoConfiguration:
      Did not match:
         - @ConditionalOnClass did not find required class 'com.mongodb.reactivestreams.client.MongoClient' (OnClassCondition)

   MongoReactiveDataAutoConfiguration:
      Did not match:
         - @ConditionalOnClass did not find required class 'com.mongodb.reactivestreams.client.MongoClient' (OnClassCondition)

   MongoReactiveRepositoriesAutoConfiguration:
      Did not match:
         - @ConditionalOnClass did not find required class 'com.mongodb.reactivestreams.client.MongoClient' (OnClassCondition)

   MongoRepositoriesAutoConfiguration:
      Did not match:
         - @ConditionalOnClass did not find required class 'com.mongodb.client.MongoClient' (OnClassCondition)

   MustacheAutoConfiguration:
      Did not match:
         - @ConditionalOnClass did not find required class 'com.samskivert.mustache.Mustache' (OnClassCondition)

   Neo4jAutoConfiguration:
      Did not match:
         - @ConditionalOnClass did not find required class 'org.neo4j.driver.Driver' (OnClassCondition)

   Neo4jDataAutoConfiguration:
      Did not match:
         - @ConditionalOnClass did not find required class 'org.neo4j.driver.Driver' (OnClassCondition)

   Neo4jReactiveDataAutoConfiguration:
      Did not match:
         - @ConditionalOnClass did not find required class 'org.neo4j.driver.Driver' (OnClassCondition)

   Neo4jReactiveRepositoriesAutoConfiguration:
      Did not match:
         - @ConditionalOnClass did not find required class 'org.neo4j.driver.Driver' (OnClassCondition)

   Neo4jRepositoriesAutoConfiguration:
      Did not match:
         - @ConditionalOnClass did not find required class 'org.neo4j.driver.Driver' (OnClassCondition)

   NettyAutoConfiguration:
      Did not match:
         - @ConditionalOnClass did not find required class 'io.netty.util.NettyRuntime' (OnClassCondition)

   OAuth2AuthorizationServerAutoConfiguration:
      Did not match:
         - @ConditionalOnClass did not find required class 'org.springframework.security.oauth2.server.authorization.OAuth2Authorization' (OnClassCondition)

   OAuth2AuthorizationServerJwtAutoConfiguration:
      Did not match:
         - @ConditionalOnClass did not find required class 'com.nimbusds.jose.jwk.source.JWKSource' (OnClassCondition)

   OAuth2ClientAutoConfiguration:
      Did not match:
         - @ConditionalOnClass did not find required class 'org.springframework.security.oauth2.client.registration.ClientRegistration' (OnClassCondition)

   OAuth2ResourceServerAutoConfiguration:
      Did not match:
         - @ConditionalOnClass did not find required class 'org.springframework.security.oauth2.server.resource.authentication.BearerTokenAuthenticationToken' (OnClassCondition)

   ProjectInfoAutoConfiguration#buildProperties:
      Did not match:
         - @ConditionalOnResource did not find resource '${spring.info.build.location:classpath:META-INF/build-info.properties}' (OnResourceCondition)

   ProjectInfoAutoConfiguration#gitProperties:
      Did not match:
         - GitResource did not find git info at classpath:git.properties (ProjectInfoAutoConfiguration.GitResourceAvailableCondition)

   PulsarAutoConfiguration:
      Did not match:
         - @ConditionalOnClass did not find required class 'org.apache.pulsar.client.api.PulsarClient' (OnClassCondition)

   PulsarReactiveAutoConfiguration:
      Did not match:
         - @ConditionalOnClass did not find required class 'org.apache.pulsar.client.api.PulsarClient' (OnClassCondition)

   QuartzAutoConfiguration:
      Did not match:
         - @ConditionalOnClass did not find required class 'org.quartz.Scheduler' (OnClassCondition)

   R2dbcAutoConfiguration:
      Did not match:
         - @ConditionalOnClass did not find required class 'io.r2dbc.spi.ConnectionFactory' (OnClassCondition)

   R2dbcDataAutoConfiguration:
      Did not match:
         - @ConditionalOnClass did not find required class 'org.springframework.data.r2dbc.core.R2dbcEntityTemplate' (OnClassCondition)

   R2dbcInitializationConfiguration:
      Did not match:
         - @ConditionalOnClass did not find required classes 'io.r2dbc.spi.ConnectionFactory', 'org.springframework.r2dbc.connection.init.DatabasePopulator' (OnClassCondition)

   R2dbcProxyAutoConfiguration:
      Did not match:
         - @ConditionalOnClass did not find required class 'io.r2dbc.proxy.ProxyConnectionFactory' (OnClassCondition)

   R2dbcRepositoriesAutoConfiguration:
      Did not match:
         - @ConditionalOnClass did not find required class 'io.r2dbc.spi.ConnectionFactory' (OnClassCondition)

   R2dbcTransactionManagerAutoConfiguration:
      Did not match:
         - @ConditionalOnClass did not find required class 'org.springframework.r2dbc.connection.R2dbcTransactionManager' (OnClassCondition)

   RSocketGraphQlClientAutoConfiguration:
      Did not match:
         - @ConditionalOnClass did not find required class 'graphql.GraphQL' (OnClassCondition)

   RSocketMessagingAutoConfiguration:
      Did not match:
         - @ConditionalOnClass did not find required class 'io.rsocket.RSocket' (OnClassCondition)

   RSocketRequesterAutoConfiguration:
      Did not match:
         - @ConditionalOnClass did not find required class 'io.rsocket.RSocket' (OnClassCondition)

   RSocketSecurityAutoConfiguration:
      Did not match:
         - @ConditionalOnClass did not find required class 'org.springframework.security.rsocket.core.SecuritySocketAcceptorInterceptor' (OnClassCondition)

   RSocketServerAutoConfiguration:
      Did not match:
         - @ConditionalOnClass did not find required class 'io.rsocket.core.RSocketServer' (OnClassCondition)

   RSocketStrategiesAutoConfiguration:
      Did not match:
         - @ConditionalOnClass did not find required class 'io.netty.buffer.PooledByteBufAllocator' (OnClassCondition)

   RabbitAutoConfiguration:
      Did not match:
         - @ConditionalOnClass did not find required class 'com.rabbitmq.client.Channel' (OnClassCondition)

   ReactiveElasticsearchClientAutoConfiguration:
      Did not match:
         - @ConditionalOnClass did not find required class 'co.elastic.clients.transport.ElasticsearchTransport' (OnClassCondition)

   ReactiveElasticsearchRepositoriesAutoConfiguration:
      Did not match:
         - @ConditionalOnClass did not find required class 'reactor.core.publisher.Mono' (OnClassCondition)

   ReactiveMultipartAutoConfiguration:
      Did not match:
         - @ConditionalOnClass did not find required class 'org.springframework.web.reactive.config.WebFluxConfigurer' (OnClassCondition)

   ReactiveOAuth2ClientAutoConfiguration:
      Did not match:
         - @ConditionalOnClass did not find required class 'reactor.core.publisher.Flux' (OnClassCondition)

   ReactiveOAuth2ResourceServerAutoConfiguration:
      Did not match:
         - @ConditionalOnWebApplication did not find reactive web application classes (OnWebApplicationCondition)

   ReactiveSecurityAutoConfiguration:
      Did not match:
         - @ConditionalOnClass did not find required class 'reactor.core.publisher.Flux' (OnClassCondition)

   ReactiveUserDetailsServiceAutoConfiguration:
      Did not match:
         - AnyNestedCondition 0 matched 2 did not; NestedCondition on ReactiveUserDetailsServiceAutoConfiguration.RSocketEnabledOrReactiveWebApplication.ReactiveWebApplicationCondition did not find reactive web application classes; NestedCondition on ReactiveUserDetailsServiceAutoConfiguration.RSocketEnabledOrReactiveWebApplication.RSocketSecurityEnabledCondition @ConditionalOnBean (types: org.springframework.messaging.rsocket.annotation.support.RSocketMessageHandler; SearchStrategy: all) did not find any beans of type org.springframework.messaging.rsocket.annotation.support.RSocketMessageHandler (ReactiveUserDetailsServiceAutoConfiguration.RSocketEnabledOrReactiveWebApplication)
      Matched:
         - @ConditionalOnClass found required class 'org.springframework.security.authentication.ReactiveAuthenticationManager' (OnClassCondition)
         - AnyNestedCondition 1 matched 2 did not; NestedCondition on ReactiveUserDetailsServiceAutoConfiguration.MissingAlternativeOrUserPropertiesConfigured.PasswordConfigured @ConditionalOnProperty (spring.security.user.password) did not find property 'password'; NestedCondition on ReactiveUserDetailsServiceAutoConfiguration.MissingAlternativeOrUserPropertiesConfigured.NameConfigured @ConditionalOnProperty (spring.security.user.name) did not find property 'name'; NestedCondition on ReactiveUserDetailsServiceAutoConfiguration.MissingAlternativeOrUserPropertiesConfigured.MissingAlternative @ConditionalOnMissingClass did not find unwanted classes 'org.springframework.security.oauth2.client.registration.ClientRegistrationRepository', 'org.springframework.security.oauth2.server.resource.introspection.ReactiveOpaqueTokenIntrospector' (ReactiveUserDetailsServiceAutoConfiguration.MissingAlternativeOrUserPropertiesConfigured)

   ReactiveWebServerFactoryAutoConfiguration:
      Did not match:
         - @ConditionalOnWebApplication did not find reactive web application classes (OnWebApplicationCondition)

   ReactorAutoConfiguration:
      Did not match:
         - @ConditionalOnClass did not find required class 'reactor.core.publisher.Hooks' (OnClassCondition)

   RedisAutoConfiguration:
      Did not match:
         - @ConditionalOnClass did not find required class 'org.springframework.data.redis.core.RedisOperations' (OnClassCondition)

   RedisCacheConfiguration:
      Did not match:
         - @ConditionalOnClass did not find required class 'org.springframework.data.redis.connection.RedisConnectionFactory' (OnClassCondition)

   RedisReactiveAutoConfiguration:
      Did not match:
         - @ConditionalOnClass did not find required class 'reactor.core.publisher.Flux' (OnClassCondition)

   RedisRepositoriesAutoConfiguration:
      Did not match:
         - @ConditionalOnClass did not find required class 'org.springframework.data.redis.repository.configuration.EnableRedisRepositories' (OnClassCondition)

   RepositoryRestMvcAutoConfiguration:
      Did not match:
         - @ConditionalOnClass did not find required class 'org.springframework.data.rest.webmvc.config.RepositoryRestMvcConfiguration' (OnClassCondition)

   Saml2RelyingPartyAutoConfiguration:
      Did not match:
         - @ConditionalOnClass did not find required class 'org.springframework.security.saml2.provider.service.registration.RelyingPartyRegistrationRepository' (OnClassCondition)

   SecurityDataConfiguration:
      Did not match:
         - @ConditionalOnClass did not find required class 'org.springframework.security.data.repository.query.SecurityEvaluationContextExtension' (OnClassCondition)

   SendGridAutoConfiguration:
      Did not match:
         - @ConditionalOnClass did not find required class 'com.sendgrid.SendGrid' (OnClassCondition)

   ServletWebServerFactoryAutoConfiguration.ForwardedHeaderFilterConfiguration:
      Did not match:
         - @ConditionalOnProperty (server.forward-headers-strategy=framework) did not find property 'server.forward-headers-strategy' (OnPropertyCondition)

   ServletWebServerFactoryConfiguration.EmbeddedJetty:
      Did not match:
         - @ConditionalOnClass did not find required classes 'org.eclipse.jetty.server.Server', 'org.eclipse.jetty.util.Loader', 'org.eclipse.jetty.ee10.webapp.WebAppContext' (OnClassCondition)

   ServletWebServerFactoryConfiguration.EmbeddedUndertow:
      Did not match:
         - @ConditionalOnClass did not find required classes 'io.undertow.Undertow', 'org.xnio.SslClientAuthMode' (OnClassCondition)

   SessionAutoConfiguration:
      Did not match:
         - @ConditionalOnClass did not find required class 'org.springframework.session.Session' (OnClassCondition)

   SpringApplicationAdminJmxAutoConfiguration:
      Did not match:
         - @ConditionalOnProperty (spring.application.admin.enabled=true) did not find property 'enabled' (OnPropertyCondition)

   SpringBootWebSecurityConfiguration.SecurityFilterChainConfiguration:
      Did not match:
         - AllNestedConditions 1 matched 1 did not; NestedCondition on DefaultWebSecurityCondition.Beans @ConditionalOnMissingBean (types: org.springframework.security.web.SecurityFilterChain; SearchStrategy: all) found beans of type 'org.springframework.security.web.SecurityFilterChain' securityFilterChain; NestedCondition on DefaultWebSecurityCondition.Classes @ConditionalOnClass found required classes 'org.springframework.security.web.SecurityFilterChain', 'org.springframework.security.config.annotation.web.builders.HttpSecurity' (DefaultWebSecurityCondition)

   TaskExecutorConfigurations.SimpleAsyncTaskExecutorBuilderConfiguration#simpleAsyncTaskExecutorBuilderVirtualThreads:
      Did not match:
         - @ConditionalOnMissingBean (types: org.springframework.boot.task.SimpleAsyncTaskExecutorBuilder; SearchStrategy: all) found beans of type 'org.springframework.boot.task.SimpleAsyncTaskExecutorBuilder' simpleAsyncTaskExecutorBuilder (OnBeanCondition)

   TaskExecutorConfigurations.TaskExecutorConfiguration#applicationTaskExecutorVirtualThreads:
      Did not match:
         - @ConditionalOnThreading did not find VIRTUAL (OnThreadingCondition)

   TaskSchedulingAutoConfiguration#scheduledBeanLazyInitializationExcludeFilter:
      Did not match:
         - @ConditionalOnBean (names: org.springframework.context.annotation.internalScheduledAnnotationProcessor; SearchStrategy: all) did not find any beans named org.springframework.context.annotation.internalScheduledAnnotationProcessor (OnBeanCondition)

   TaskSchedulingConfigurations.SimpleAsyncTaskSchedulerBuilderConfiguration#simpleAsyncTaskSchedulerBuilderVirtualThreads:
      Did not match:
         - @ConditionalOnMissingBean (types: org.springframework.boot.task.SimpleAsyncTaskSchedulerBuilder; SearchStrategy: all) found beans of type 'org.springframework.boot.task.SimpleAsyncTaskSchedulerBuilder' simpleAsyncTaskSchedulerBuilder (OnBeanCondition)

   TaskSchedulingConfigurations.TaskSchedulerConfiguration:
      Did not match:
         - @ConditionalOnBean (names: org.springframework.context.annotation.internalScheduledAnnotationProcessor; SearchStrategy: all) did not find any beans named org.springframework.context.annotation.internalScheduledAnnotationProcessor (OnBeanCondition)

   TemplateEngineConfigurations.ReactiveTemplateEngineConfiguration:
      Did not match:
         - did not find reactive web application classes (OnWebApplicationCondition)

   ThymeleafAutoConfiguration.DataAttributeDialectConfiguration:
      Did not match:
         - @ConditionalOnClass did not find required class 'com.github.mxab.thymeleaf.extras.dataattribute.dialect.DataAttributeDialect' (OnClassCondition)

   ThymeleafAutoConfiguration.ThymeleafSecurityDialectConfiguration:
      Did not match:
         - @ConditionalOnClass did not find required class 'org.thymeleaf.extras.springsecurity6.dialect.SpringSecurityDialect' (OnClassCondition)

   ThymeleafAutoConfiguration.ThymeleafWebFluxConfiguration:
      Did not match:
         - did not find reactive web application classes (OnWebApplicationCondition)

   ThymeleafAutoConfiguration.ThymeleafWebLayoutConfiguration:
      Did not match:
         - @ConditionalOnClass did not find required class 'nz.net.ultraq.thymeleaf.layoutdialect.LayoutDialect' (OnClassCondition)

   ThymeleafAutoConfiguration.ThymeleafWebMvcConfiguration#resourceUrlEncodingFilter:
      Did not match:
         - @ConditionalOnEnabledResourceChain did not find class org.webjars.WebJarVersionLocator (OnEnabledResourceChainCondition)

   TransactionAutoConfiguration#transactionalOperator:
      Did not match:
         - @ConditionalOnSingleCandidate (types: org.springframework.transaction.ReactiveTransactionManager; SearchStrategy: all) did not find any beans (OnBeanCondition)

   TransactionAutoConfiguration.AspectJTransactionManagementConfiguration:
      Did not match:
         - @ConditionalOnBean (types: org.springframework.transaction.aspectj.AbstractTransactionAspect; SearchStrategy: all) did not find any beans of type org.springframework.transaction.aspectj.AbstractTransactionAspect (OnBeanCondition)

   TransactionAutoConfiguration.EnableTransactionManagementConfiguration.JdkDynamicAutoProxyConfiguration:
      Did not match:
         - @ConditionalOnProperty (spring.aop.proxy-target-class=false) did not find property 'proxy-target-class' (OnPropertyCondition)

   UserDetailsServiceAutoConfiguration:
      Did not match:
         - @ConditionalOnMissingBean (types: org.springframework.security.authentication.AuthenticationManager,org.springframework.security.authentication.AuthenticationProvider,org.springframework.security.core.userdetails.UserDetailsService,org.springframework.security.authentication.AuthenticationManagerResolver,org.springframework.security.oauth2.jwt.JwtDecoder; SearchStrategy: all) found beans of type 'org.springframework.security.core.userdetails.UserDetailsService' userService (OnBeanCondition)
      Matched:
         - @ConditionalOnClass found required class 'org.springframework.security.authentication.AuthenticationManager' (OnClassCondition)
         - found 'session' scope (OnWebApplicationCondition)
         - AnyNestedCondition 1 matched 2 did not; NestedCondition on UserDetailsServiceAutoConfiguration.MissingAlternativeOrUserPropertiesConfigured.PasswordConfigured @ConditionalOnProperty (spring.security.user.password) did not find property 'password'; NestedCondition on UserDetailsServiceAutoConfiguration.MissingAlternativeOrUserPropertiesConfigured.NameConfigured @ConditionalOnProperty (spring.security.user.name) did not find property 'name'; NestedCondition on UserDetailsServiceAutoConfiguration.MissingAlternativeOrUserPropertiesConfigured.MissingAlternative @ConditionalOnMissingClass did not find unwanted classes 'org.springframework.security.oauth2.client.registration.ClientRegistrationRepository', 'org.springframework.security.oauth2.server.resource.introspection.OpaqueTokenIntrospector', 'org.springframework.security.saml2.provider.service.registration.RelyingPartyRegistrationRepository' (UserDetailsServiceAutoConfiguration.MissingAlternativeOrUserPropertiesConfigured)

   WebClientAutoConfiguration:
      Did not match:
         - @ConditionalOnClass did not find required class 'org.springframework.web.reactive.function.client.WebClient' (OnClassCondition)

   WebFluxAutoConfiguration:
      Did not match:
         - @ConditionalOnClass did not find required class 'org.springframework.web.reactive.config.WebFluxConfigurer' (OnClassCondition)

   WebMvcAutoConfiguration#hiddenHttpMethodFilter:
      Did not match:
         - @ConditionalOnProperty (spring.mvc.hiddenmethod.filter.enabled) did not find property 'enabled' (OnPropertyCondition)

   WebMvcAutoConfiguration.ProblemDetailsErrorHandlingConfiguration:
      Did not match:
         - @ConditionalOnProperty (spring.mvc.problemdetails.enabled=true) did not find property 'enabled' (OnPropertyCondition)

   WebMvcAutoConfiguration.ResourceChainCustomizerConfiguration:
      Did not match:
         - @ConditionalOnEnabledResourceChain did not find class org.webjars.WebJarVersionLocator (OnEnabledResourceChainCondition)

   WebMvcAutoConfiguration.WebMvcAutoConfigurationAdapter#beanNameViewResolver:
      Did not match:
         - @ConditionalOnMissingBean (types: org.springframework.web.servlet.view.BeanNameViewResolver; SearchStrategy: all) found beans of type 'org.springframework.web.servlet.view.BeanNameViewResolver' beanNameViewResolver (OnBeanCondition)

   WebServiceTemplateAutoConfiguration:
      Did not match:
         - @ConditionalOnClass did not find required class 'org.springframework.oxm.Marshaller' (OnClassCondition)

   WebServicesAutoConfiguration:
      Did not match:
         - @ConditionalOnClass did not find required class 'org.springframework.ws.transport.http.MessageDispatcherServlet' (OnClassCondition)

   WebSessionIdResolverAutoConfiguration:
      Did not match:
         - @ConditionalOnClass did not find required class 'reactor.core.publisher.Mono' (OnClassCondition)

   WebSocketMessagingAutoConfiguration:
      Did not match:
         - @ConditionalOnClass did not find required class 'org.springframework.web.socket.config.annotation.WebSocketMessageBrokerConfigurer' (OnClassCondition)

   WebSocketReactiveAutoConfiguration:
      Did not match:
         - @ConditionalOnWebApplication did not find reactive web application classes (OnWebApplicationCondition)

   WebSocketServletAutoConfiguration.JettyWebSocketConfiguration:
      Did not match:
         - @ConditionalOnClass did not find required class 'org.eclipse.jetty.ee10.websocket.jakarta.server.config.JakartaWebSocketServletContainerInitializer' (OnClassCondition)

   WebSocketServletAutoConfiguration.UndertowWebSocketConfiguration:
      Did not match:
         - @ConditionalOnClass did not find required class 'io.undertow.websockets.jsr.Bootstrap' (OnClassCondition)

   XADataSourceAutoConfiguration:
      Did not match:
         - @ConditionalOnBean (types: org.springframework.boot.jdbc.XADataSourceWrapper; SearchStrategy: all) did not find any beans of type org.springframework.boot.jdbc.XADataSourceWrapper (OnBeanCondition)
      Matched:
         - @ConditionalOnClass found required classes 'javax.sql.DataSource', 'jakarta.transaction.TransactionManager', 'org.springframework.jdbc.datasource.embedded.EmbeddedDatabaseType' (OnClassCondition)


Exclusions:
-----------

    None


Unconditional classes:
----------------------

    org.springframework.boot.autoconfigure.context.ConfigurationPropertiesAutoConfiguration

    org.springframework.boot.autoconfigure.ssl.SslAutoConfiguration

    org.springframework.boot.autoconfigure.context.LifecycleAutoConfiguration

    org.springframework.boot.autoconfigure.context.PropertyPlaceholderAutoConfiguration

    org.springframework.boot.autoconfigure.availability.ApplicationAvailabilityAutoConfiguration

    org.springframework.boot.autoconfigure.info.ProjectInfoAutoConfiguration



2026-05-11T15:25:40.272+05:30  INFO 19648 --- [city-explorer] [           main] c.a.c.CityExplorerApplication            : Started CityExplorerApplication in 7.762 seconds (process running for 8.351)
2026-05-11T15:25:40.273+05:30 DEBUG 19648 --- [city-explorer] [           main] o.s.b.a.ApplicationAvailabilityBean      : Application availability state LivenessState changed to CORRECT
2026-05-11T15:25:40.458+05:30 DEBUG 19648 --- [city-explorer] [           main] org.hibernate.SQL                        : select u1_0.id,u1_0.email,u1_0.full_name,u1_0.password,u1_0.role from app_users u1_0 where u1_0.email=?
2026-05-11T15:25:40.502+05:30 DEBUG 19648 --- [city-explorer] [           main] o.s.b.a.ApplicationAvailabilityBean      : Application availability state ReadinessState changed to ACCEPTING_TRAFFIC
2026-05-11T15:44:27.991+05:30  INFO 19648 --- [city-explorer] [nio-8081-exec-1] o.a.c.c.C.[Tomcat].[localhost].[/]       : Initializing Spring DispatcherServlet 'dispatcherServlet'
2026-05-11T15:44:27.995+05:30  INFO 19648 --- [city-explorer] [nio-8081-exec-1] o.s.web.servlet.DispatcherServlet        : Initializing Servlet 'dispatcherServlet'
2026-05-11T15:44:27.995+05:30 DEBUG 19648 --- [city-explorer] [nio-8081-exec-1] o.s.web.servlet.DispatcherServlet        : Detected StandardServletMultipartResolver
2026-05-11T15:44:27.996+05:30 DEBUG 19648 --- [city-explorer] [nio-8081-exec-1] o.s.web.servlet.DispatcherServlet        : Detected AcceptHeaderLocaleResolver
2026-05-11T15:44:27.997+05:30 DEBUG 19648 --- [city-explorer] [nio-8081-exec-1] o.s.web.servlet.DispatcherServlet        : Detected FixedThemeResolver
2026-05-11T15:44:27.998+05:30 DEBUG 19648 --- [city-explorer] [nio-8081-exec-1] o.s.web.servlet.DispatcherServlet        : Detected org.springframework.web.servlet.view.DefaultRequestToViewNameTranslator@5cbaafbd
2026-05-11T15:44:28.000+05:30 DEBUG 19648 --- [city-explorer] [nio-8081-exec-1] o.s.web.servlet.DispatcherServlet        : Detected org.springframework.web.servlet.support.SessionFlashMapManager@eb66b47
2026-05-11T15:44:28.003+05:30 DEBUG 19648 --- [city-explorer] [nio-8081-exec-1] o.s.web.servlet.DispatcherServlet        : enableLoggingRequestDetails='false': request parameters and headers will be masked to prevent unsafe logging of potentially sensitive data
2026-05-11T15:44:28.004+05:30  INFO 19648 --- [city-explorer] [nio-8081-exec-1] o.s.web.servlet.DispatcherServlet        : Completed initialization in 9 ms
2026-05-11T15:44:28.112+05:30 DEBUG 19648 --- [city-explorer] [nio-8081-exec-2] o.s.web.servlet.DispatcherServlet        : GET "/login", parameters={}
2026-05-11T15:44:28.116+05:30 DEBUG 19648 --- [city-explorer] [nio-8081-exec-2] s.w.s.m.m.a.RequestMappingHandlerMapping : Mapped to com.aurevia.cityexplorer.controller.AuthController#loginPage(Model)
2026-05-11T15:44:28.177+05:30 DEBUG 19648 --- [city-explorer] [nio-8081-exec-2] o.s.w.s.v.ContentNegotiatingViewResolver : Selected 'text/html' given [text/html, application/xhtml+xml, image/avif, image/webp, image/apng, application/xml;q=0.9, */*;q=0.8, application/signed-exchange;v=b3;q=0.7]
2026-05-11T15:44:28.613+05:30 DEBUG 19648 --- [city-explorer] [nio-8081-exec-2] o.s.web.servlet.DispatcherServlet        : Completed 200 OK
2026-05-11T15:44:28.647+05:30 DEBUG 19648 --- [city-explorer] [nio-8081-exec-3] o.s.web.servlet.DispatcherServlet        : GET "/css/app.css", parameters={}
2026-05-11T15:44:28.647+05:30 DEBUG 19648 --- [city-explorer] [nio-8081-exec-4] o.s.web.servlet.DispatcherServlet        : GET "/js/main.js", parameters={}
2026-05-11T15:44:28.652+05:30 DEBUG 19648 --- [city-explorer] [nio-8081-exec-4] o.s.w.s.handler.SimpleUrlHandlerMapping  : Mapped to ResourceHttpRequestHandler [classpath [META-INF/resources/], classpath [resources/], classpath [static/], classpath [public/], ServletContext [/]]
2026-05-11T15:44:28.652+05:30 DEBUG 19648 --- [city-explorer] [nio-8081-exec-3] o.s.w.s.handler.SimpleUrlHandlerMapping  : Mapped to ResourceHttpRequestHandler [classpath [META-INF/resources/], classpath [resources/], classpath [static/], classpath [public/], ServletContext [/]]
2026-05-11T15:44:28.662+05:30 DEBUG 19648 --- [city-explorer] [nio-8081-exec-4] o.s.web.servlet.DispatcherServlet        : Completed 200 OK
2026-05-11T15:44:28.663+05:30 DEBUG 19648 --- [city-explorer] [nio-8081-exec-3] o.s.web.servlet.DispatcherServlet        : Completed 200 OK
2026-05-11T15:44:29.077+05:30 DEBUG 19648 --- [city-explorer] [nio-8081-exec-6] o.s.web.servlet.DispatcherServlet        : GET "/login", parameters={}
2026-05-11T15:44:29.078+05:30 DEBUG 19648 --- [city-explorer] [nio-8081-exec-6] s.w.s.m.m.a.RequestMappingHandlerMapping : Mapped to com.aurevia.cityexplorer.controller.AuthController#loginPage(Model)
2026-05-11T15:44:29.080+05:30 DEBUG 19648 --- [city-explorer] [nio-8081-exec-6] o.s.w.s.v.ContentNegotiatingViewResolver : Selected 'text/html' given [text/html, application/xhtml+xml, image/avif, image/webp, image/apng, application/xml;q=0.9, */*;q=0.8, application/signed-exchange;v=b3;q=0.7]
2026-05-11T15:44:29.097+05:30 DEBUG 19648 --- [city-explorer] [nio-8081-exec-6] o.s.web.servlet.DispatcherServlet        : Completed 200 OK
2026-05-11T15:44:29.125+05:30 DEBUG 19648 --- [city-explorer] [nio-8081-exec-7] o.s.web.servlet.DispatcherServlet        : GET "/css/app.css", parameters={}
2026-05-11T15:44:29.127+05:30 DEBUG 19648 --- [city-explorer] [nio-8081-exec-7] o.s.w.s.handler.SimpleUrlHandlerMapping  : Mapped to ResourceHttpRequestHandler [classpath [META-INF/resources/], classpath [resources/], classpath [static/], classpath [public/], ServletContext [/]]
2026-05-11T15:44:29.134+05:30 DEBUG 19648 --- [city-explorer] [nio-8081-exec-8] o.s.web.servlet.DispatcherServlet        : GET "/js/main.js", parameters={}
2026-05-11T15:44:29.136+05:30 DEBUG 19648 --- [city-explorer] [nio-8081-exec-8] o.s.w.s.handler.SimpleUrlHandlerMapping  : Mapped to ResourceHttpRequestHandler [classpath [META-INF/resources/], classpath [resources/], classpath [static/], classpath [public/], ServletContext [/]]
2026-05-11T15:44:29.139+05:30 DEBUG 19648 --- [city-explorer] [nio-8081-exec-7] o.s.web.servlet.DispatcherServlet        : Completed 200 OK
2026-05-11T15:44:29.141+05:30 DEBUG 19648 --- [city-explorer] [nio-8081-exec-8] o.s.web.servlet.DispatcherServlet        : Completed 200 OK
2026-05-11T15:44:35.559+05:30 DEBUG 19648 --- [city-explorer] [nio-8081-exec-9] org.hibernate.SQL                        : select u1_0.id,u1_0.email,u1_0.full_name,u1_0.password,u1_0.role from app_users u1_0 where u1_0.email=?
2026-05-11T15:44:35.679+05:30 DEBUG 19648 --- [city-explorer] [io-8081-exec-10] o.s.web.servlet.DispatcherServlet        : GET "/portal", parameters={}
2026-05-11T15:44:35.681+05:30 DEBUG 19648 --- [city-explorer] [io-8081-exec-10] s.w.s.m.m.a.RequestMappingHandlerMapping : Mapped to com.aurevia.cityexplorer.controller.PortalController#portalHome(Model, Principal)
2026-05-11T15:44:35.699+05:30 DEBUG 19648 --- [city-explorer] [io-8081-exec-10] org.hibernate.SQL                        : select mc1_0.id,mc1_0.best_season,mc1_0.city_highlights,mc1_0.hero_image,mc1_0.ideal_duration,mc1_0.name,mc1_0.region,mc1_0.search_keywords,mc1_0.slug,mc1_0.tagline from managed_city mc1_0
2026-05-11T15:44:35.707+05:30 DEBUG 19648 --- [city-explorer] [io-8081-exec-10] org.hibernate.SQL                        : select u1_0.id,u1_0.email,u1_0.full_name,u1_0.password,u1_0.role from app_users u1_0 where u1_0.email=?
2026-05-11T15:44:35.709+05:30 DEBUG 19648 --- [city-explorer] [io-8081-exec-10] o.s.w.s.v.ContentNegotiatingViewResolver : Selected 'text/html' given [text/html, application/xhtml+xml, image/avif, image/webp, image/apng, application/xml;q=0.9, */*;q=0.8, application/signed-exchange;v=b3;q=0.7]
2026-05-11T15:44:35.969+05:30 DEBUG 19648 --- [city-explorer] [io-8081-exec-10] o.s.web.servlet.DispatcherServlet        : Completed 200 OK
2026-05-11T15:44:42.104+05:30 DEBUG 19648 --- [city-explorer] [nio-8081-exec-1] o.s.web.servlet.DispatcherServlet        : GET "/cities/agra", parameters={}
2026-05-11T15:44:42.105+05:30 DEBUG 19648 --- [city-explorer] [nio-8081-exec-1] s.w.s.m.m.a.RequestMappingHandlerMapping : Mapped to com.aurevia.cityexplorer.controller.PortalController#cityPage(String, Model, Principal)
2026-05-11T15:44:42.125+05:30 DEBUG 19648 --- [city-explorer] [nio-8081-exec-1] org.hibernate.SQL                        : select mp1_0.id,mp1_0.address,mp1_0.category_slug,mp1_0.city_id,mp1_0.city_slug,mp1_0.description,mp1_0.detail_body_four,mp1_0.detail_body_one,mp1_0.detail_body_three,mp1_0.detail_body_two,mp1_0.detail_title_four,mp1_0.detail_title_one,mp1_0.detail_title_three,mp1_0.detail_title_two,mp1_0.gallery_images,mp1_0.history,mp1_0.image_url,mp1_0.insight,mp1_0.name,mp1_0.price_range,mp1_0.timings,mp1_0.visitor_notes from managed_place mp1_0 where mp1_0.city_slug=? order by mp1_0.name
2026-05-11T15:44:42.142+05:30 DEBUG 19648 --- [city-explorer] [nio-8081-exec-1] org.hibernate.SQL                        : select mp1_0.id,mp1_0.address,mp1_0.category_slug,mp1_0.city_id,mp1_0.city_slug,mp1_0.description,mp1_0.detail_body_four,mp1_0.detail_body_one,mp1_0.detail_body_three,mp1_0.detail_body_two,mp1_0.detail_title_four,mp1_0.detail_title_one,mp1_0.detail_title_three,mp1_0.detail_title_two,mp1_0.gallery_images,mp1_0.history,mp1_0.image_url,mp1_0.insight,mp1_0.name,mp1_0.price_range,mp1_0.timings,mp1_0.visitor_notes from managed_place mp1_0 where mp1_0.city_slug=? order by mp1_0.name
2026-05-11T15:44:42.145+05:30 DEBUG 19648 --- [city-explorer] [nio-8081-exec-1] org.hibernate.SQL                        : select mp1_0.id,mp1_0.address,mp1_0.category_slug,mp1_0.city_id,mp1_0.city_slug,mp1_0.description,mp1_0.detail_body_four,mp1_0.detail_body_one,mp1_0.detail_body_three,mp1_0.detail_body_two,mp1_0.detail_title_four,mp1_0.detail_title_one,mp1_0.detail_title_three,mp1_0.detail_title_two,mp1_0.gallery_images,mp1_0.history,mp1_0.image_url,mp1_0.insight,mp1_0.name,mp1_0.price_range,mp1_0.timings,mp1_0.visitor_notes from managed_place mp1_0 where mp1_0.city_slug=? order by mp1_0.name
2026-05-11T15:44:42.155+05:30 DEBUG 19648 --- [city-explorer] [nio-8081-exec-1] org.hibernate.SQL                        : select mp1_0.id,mp1_0.address,mp1_0.category_slug,mp1_0.city_id,mp1_0.city_slug,mp1_0.description,mp1_0.detail_body_four,mp1_0.detail_body_one,mp1_0.detail_body_three,mp1_0.detail_body_two,mp1_0.detail_title_four,mp1_0.detail_title_one,mp1_0.detail_title_three,mp1_0.detail_title_two,mp1_0.gallery_images,mp1_0.history,mp1_0.image_url,mp1_0.insight,mp1_0.name,mp1_0.price_range,mp1_0.timings,mp1_0.visitor_notes from managed_place mp1_0 where mp1_0.city_slug=? order by mp1_0.name
2026-05-11T15:44:42.186+05:30 DEBUG 19648 --- [city-explorer] [nio-8081-exec-1] org.hibernate.SQL                        : select r1_0.id,r1_0.category_slug,r1_0.city_slug,r1_0.comment,r1_0.created_at,r1_0.place_slug,r1_0.rating,r1_0.user_id,u1_0.id,u1_0.email,u1_0.full_name,u1_0.password,u1_0.role from review r1_0 join app_users u1_0 on u1_0.id=r1_0.user_id where r1_0.city_slug=? and r1_0.category_slug is null and r1_0.place_slug is null order by r1_0.created_at desc fetch first ? rows only
2026-05-11T15:44:42.192+05:30 DEBUG 19648 --- [city-explorer] [nio-8081-exec-1] org.hibernate.SQL                        : select u1_0.id,u1_0.email,u1_0.full_name,u1_0.password,u1_0.role from app_users u1_0 where u1_0.email=?
2026-05-11T15:44:42.195+05:30 DEBUG 19648 --- [city-explorer] [nio-8081-exec-1] o.s.w.s.v.ContentNegotiatingViewResolver : Selected 'text/html' given [text/html, application/xhtml+xml, image/avif, image/webp, image/apng, application/xml;q=0.9, */*;q=0.8, application/signed-exchange;v=b3;q=0.7]
2026-05-11T15:44:42.259+05:30 DEBUG 19648 --- [city-explorer] [nio-8081-exec-1] o.s.web.servlet.DispatcherServlet        : Completed 200 OK
2026-05-11T15:44:42.302+05:30 DEBUG 19648 --- [city-explorer] [nio-8081-exec-2] o.s.web.servlet.DispatcherServlet        : GET "/css/app.css", parameters={}
2026-05-11T15:44:42.304+05:30 DEBUG 19648 --- [city-explorer] [nio-8081-exec-2] o.s.w.s.handler.SimpleUrlHandlerMapping  : Mapped to ResourceHttpRequestHandler [classpath [META-INF/resources/], classpath [resources/], classpath [static/], classpath [public/], ServletContext [/]]
2026-05-11T15:44:42.305+05:30 DEBUG 19648 --- [city-explorer] [nio-8081-exec-4] o.s.web.servlet.DispatcherServlet        : GET "/js/main.js", parameters={}
2026-05-11T15:44:42.308+05:30 DEBUG 19648 --- [city-explorer] [nio-8081-exec-4] o.s.w.s.handler.SimpleUrlHandlerMapping  : Mapped to ResourceHttpRequestHandler [classpath [META-INF/resources/], classpath [resources/], classpath [static/], classpath [public/], ServletContext [/]]
2026-05-11T15:44:42.309+05:30 DEBUG 19648 --- [city-explorer] [nio-8081-exec-2] o.s.web.servlet.DispatcherServlet        : Completed 200 OK
2026-05-11T15:44:42.316+05:30 DEBUG 19648 --- [city-explorer] [nio-8081-exec-4] o.s.web.servlet.DispatcherServlet        : Completed 200 OK
2026-05-11T15:44:47.901+05:30 DEBUG 19648 --- [city-explorer] [nio-8081-exec-3] o.s.web.servlet.DispatcherServlet        : GET "/login", parameters={}
2026-05-11T15:44:47.903+05:30 DEBUG 19648 --- [city-explorer] [nio-8081-exec-3] s.w.s.m.m.a.RequestMappingHandlerMapping : Mapped to com.aurevia.cityexplorer.controller.AuthController#loginPage(Model)
2026-05-11T15:44:47.905+05:30 DEBUG 19648 --- [city-explorer] [nio-8081-exec-3] o.s.w.s.v.ContentNegotiatingViewResolver : Selected 'text/html' given [text/html, application/xhtml+xml, image/avif, image/webp, image/apng, application/xml;q=0.9, */*;q=0.8, application/signed-exchange;v=b3;q=0.7]
2026-05-11T15:44:47.916+05:30 DEBUG 19648 --- [city-explorer] [nio-8081-exec-3] o.s.web.servlet.DispatcherServlet        : Completed 200 OK
2026-05-11T15:44:47.951+05:30 DEBUG 19648 --- [city-explorer] [nio-8081-exec-5] o.s.web.servlet.DispatcherServlet        : GET "/css/app.css", parameters={}
2026-05-11T15:44:47.954+05:30 DEBUG 19648 --- [city-explorer] [nio-8081-exec-6] o.s.web.servlet.DispatcherServlet        : GET "/js/main.js", parameters={}
2026-05-11T15:44:47.954+05:30 DEBUG 19648 --- [city-explorer] [nio-8081-exec-5] o.s.w.s.handler.SimpleUrlHandlerMapping  : Mapped to ResourceHttpRequestHandler [classpath [META-INF/resources/], classpath [resources/], classpath [static/], classpath [public/], ServletContext [/]]
2026-05-11T15:44:47.955+05:30 DEBUG 19648 --- [city-explorer] [nio-8081-exec-6] o.s.w.s.handler.SimpleUrlHandlerMapping  : Mapped to ResourceHttpRequestHandler [classpath [META-INF/resources/], classpath [resources/], classpath [static/], classpath [public/], ServletContext [/]]
2026-05-11T15:44:47.960+05:30 DEBUG 19648 --- [city-explorer] [nio-8081-exec-6] o.s.web.servlet.DispatcherServlet        : Completed 200 OK
2026-05-11T15:44:47.967+05:30 DEBUG 19648 --- [city-explorer] [nio-8081-exec-5] o.s.web.servlet.DispatcherServlet        : Completed 200 OK
2026-05-11T15:44:51.943+05:30 DEBUG 19648 --- [city-explorer] [nio-8081-exec-7] o.s.web.servlet.DispatcherServlet        : GET "/cities/varanasi", parameters={}
2026-05-11T15:44:51.948+05:30 DEBUG 19648 --- [city-explorer] [nio-8081-exec-7] s.w.s.m.m.a.RequestMappingHandlerMapping : Mapped to com.aurevia.cityexplorer.controller.PortalController#cityPage(String, Model, Principal)
2026-05-11T15:44:51.955+05:30 DEBUG 19648 --- [city-explorer] [nio-8081-exec-7] org.hibernate.SQL                        : select mp1_0.id,mp1_0.address,mp1_0.category_slug,mp1_0.city_id,mp1_0.city_slug,mp1_0.description,mp1_0.detail_body_four,mp1_0.detail_body_one,mp1_0.detail_body_three,mp1_0.detail_body_two,mp1_0.detail_title_four,mp1_0.detail_title_one,mp1_0.detail_title_three,mp1_0.detail_title_two,mp1_0.gallery_images,mp1_0.history,mp1_0.image_url,mp1_0.insight,mp1_0.name,mp1_0.price_range,mp1_0.timings,mp1_0.visitor_notes from managed_place mp1_0 where mp1_0.city_slug=? order by mp1_0.name
2026-05-11T15:44:51.959+05:30 DEBUG 19648 --- [city-explorer] [nio-8081-exec-7] org.hibernate.SQL                        : select mp1_0.id,mp1_0.address,mp1_0.category_slug,mp1_0.city_id,mp1_0.city_slug,mp1_0.description,mp1_0.detail_body_four,mp1_0.detail_body_one,mp1_0.detail_body_three,mp1_0.detail_body_two,mp1_0.detail_title_four,mp1_0.detail_title_one,mp1_0.detail_title_three,mp1_0.detail_title_two,mp1_0.gallery_images,mp1_0.history,mp1_0.image_url,mp1_0.insight,mp1_0.name,mp1_0.price_range,mp1_0.timings,mp1_0.visitor_notes from managed_place mp1_0 where mp1_0.city_slug=? order by mp1_0.name
2026-05-11T15:44:51.966+05:30 DEBUG 19648 --- [city-explorer] [nio-8081-exec-7] org.hibernate.SQL                        : select mp1_0.id,mp1_0.address,mp1_0.category_slug,mp1_0.city_id,mp1_0.city_slug,mp1_0.description,mp1_0.detail_body_four,mp1_0.detail_body_one,mp1_0.detail_body_three,mp1_0.detail_body_two,mp1_0.detail_title_four,mp1_0.detail_title_one,mp1_0.detail_title_three,mp1_0.detail_title_two,mp1_0.gallery_images,mp1_0.history,mp1_0.image_url,mp1_0.insight,mp1_0.name,mp1_0.price_range,mp1_0.timings,mp1_0.visitor_notes from managed_place mp1_0 where mp1_0.city_slug=? order by mp1_0.name
2026-05-11T15:44:51.970+05:30 DEBUG 19648 --- [city-explorer] [nio-8081-exec-7] org.hibernate.SQL                        : select mp1_0.id,mp1_0.address,mp1_0.category_slug,mp1_0.city_id,mp1_0.city_slug,mp1_0.description,mp1_0.detail_body_four,mp1_0.detail_body_one,mp1_0.detail_body_three,mp1_0.detail_body_two,mp1_0.detail_title_four,mp1_0.detail_title_one,mp1_0.detail_title_three,mp1_0.detail_title_two,mp1_0.gallery_images,mp1_0.history,mp1_0.image_url,mp1_0.insight,mp1_0.name,mp1_0.price_range,mp1_0.timings,mp1_0.visitor_notes from managed_place mp1_0 where mp1_0.city_slug=? order by mp1_0.name
2026-05-11T15:44:51.973+05:30 DEBUG 19648 --- [city-explorer] [nio-8081-exec-7] org.hibernate.SQL                        : select r1_0.id,r1_0.category_slug,r1_0.city_slug,r1_0.comment,r1_0.created_at,r1_0.place_slug,r1_0.rating,r1_0.user_id,u1_0.id,u1_0.email,u1_0.full_name,u1_0.password,u1_0.role from review r1_0 join app_users u1_0 on u1_0.id=r1_0.user_id where r1_0.city_slug=? and r1_0.category_slug is null and r1_0.place_slug is null order by r1_0.created_at desc fetch first ? rows only
2026-05-11T15:44:51.976+05:30 DEBUG 19648 --- [city-explorer] [nio-8081-exec-7] org.hibernate.SQL                        : select u1_0.id,u1_0.email,u1_0.full_name,u1_0.password,u1_0.role from app_users u1_0 where u1_0.email=?
2026-05-11T15:44:51.977+05:30 DEBUG 19648 --- [city-explorer] [nio-8081-exec-7] o.s.w.s.v.ContentNegotiatingViewResolver : Selected 'text/html' given [text/html, application/xhtml+xml, image/avif, image/webp, image/apng, application/xml;q=0.9, */*;q=0.8, application/signed-exchange;v=b3;q=0.7]
2026-05-11T15:44:51.992+05:30 DEBUG 19648 --- [city-explorer] [nio-8081-exec-7] o.s.web.servlet.DispatcherServlet        : Completed 200 OK
2026-05-11T15:44:52.032+05:30 DEBUG 19648 --- [city-explorer] [nio-8081-exec-8] o.s.web.servlet.DispatcherServlet        : GET "/css/app.css", parameters={}
2026-05-11T15:44:52.034+05:30 DEBUG 19648 --- [city-explorer] [nio-8081-exec-8] o.s.w.s.handler.SimpleUrlHandlerMapping  : Mapped to ResourceHttpRequestHandler [classpath [META-INF/resources/], classpath [resources/], classpath [static/], classpath [public/], ServletContext [/]]
2026-05-11T15:44:52.034+05:30 DEBUG 19648 --- [city-explorer] [nio-8081-exec-9] o.s.web.servlet.DispatcherServlet        : GET "/js/main.js", parameters={}
2026-05-11T15:44:52.035+05:30 DEBUG 19648 --- [city-explorer] [nio-8081-exec-9] o.s.w.s.handler.SimpleUrlHandlerMapping  : Mapped to ResourceHttpRequestHandler [classpath [META-INF/resources/], classpath [resources/], classpath [static/], classpath [public/], ServletContext [/]]
2026-05-11T15:44:52.037+05:30 DEBUG 19648 --- [city-explorer] [nio-8081-exec-8] o.s.web.servlet.DispatcherServlet        : Completed 200 OK
2026-05-11T15:44:52.038+05:30 DEBUG 19648 --- [city-explorer] [nio-8081-exec-9] o.s.web.servlet.DispatcherServlet        : Completed 200 OK
2026-05-11T15:45:00.098+05:30 DEBUG 19648 --- [city-explorer] [io-8081-exec-10] o.s.web.servlet.DispatcherServlet        : GET "/cities/delhi", parameters={}
2026-05-11T15:45:00.100+05:30 DEBUG 19648 --- [city-explorer] [io-8081-exec-10] s.w.s.m.m.a.RequestMappingHandlerMapping : Mapped to com.aurevia.cityexplorer.controller.PortalController#cityPage(String, Model, Principal)
2026-05-11T15:45:00.105+05:30 DEBUG 19648 --- [city-explorer] [io-8081-exec-10] org.hibernate.SQL                        : select mp1_0.id,mp1_0.address,mp1_0.category_slug,mp1_0.city_id,mp1_0.city_slug,mp1_0.description,mp1_0.detail_body_four,mp1_0.detail_body_one,mp1_0.detail_body_three,mp1_0.detail_body_two,mp1_0.detail_title_four,mp1_0.detail_title_one,mp1_0.detail_title_three,mp1_0.detail_title_two,mp1_0.gallery_images,mp1_0.history,mp1_0.image_url,mp1_0.insight,mp1_0.name,mp1_0.price_range,mp1_0.timings,mp1_0.visitor_notes from managed_place mp1_0 where mp1_0.city_slug=? order by mp1_0.name
2026-05-11T15:45:00.108+05:30 DEBUG 19648 --- [city-explorer] [io-8081-exec-10] org.hibernate.SQL                        : select mp1_0.id,mp1_0.address,mp1_0.category_slug,mp1_0.city_id,mp1_0.city_slug,mp1_0.description,mp1_0.detail_body_four,mp1_0.detail_body_one,mp1_0.detail_body_three,mp1_0.detail_body_two,mp1_0.detail_title_four,mp1_0.detail_title_one,mp1_0.detail_title_three,mp1_0.detail_title_two,mp1_0.gallery_images,mp1_0.history,mp1_0.image_url,mp1_0.insight,mp1_0.name,mp1_0.price_range,mp1_0.timings,mp1_0.visitor_notes from managed_place mp1_0 where mp1_0.city_slug=? order by mp1_0.name
2026-05-11T15:45:00.119+05:30 DEBUG 19648 --- [city-explorer] [io-8081-exec-10] org.hibernate.SQL                        : select mp1_0.id,mp1_0.address,mp1_0.category_slug,mp1_0.city_id,mp1_0.city_slug,mp1_0.description,mp1_0.detail_body_four,mp1_0.detail_body_one,mp1_0.detail_body_three,mp1_0.detail_body_two,mp1_0.detail_title_four,mp1_0.detail_title_one,mp1_0.detail_title_three,mp1_0.detail_title_two,mp1_0.gallery_images,mp1_0.history,mp1_0.image_url,mp1_0.insight,mp1_0.name,mp1_0.price_range,mp1_0.timings,mp1_0.visitor_notes from managed_place mp1_0 where mp1_0.city_slug=? order by mp1_0.name
2026-05-11T15:45:00.123+05:30 DEBUG 19648 --- [city-explorer] [io-8081-exec-10] org.hibernate.SQL                        : select mp1_0.id,mp1_0.address,mp1_0.category_slug,mp1_0.city_id,mp1_0.city_slug,mp1_0.description,mp1_0.detail_body_four,mp1_0.detail_body_one,mp1_0.detail_body_three,mp1_0.detail_body_two,mp1_0.detail_title_four,mp1_0.detail_title_one,mp1_0.detail_title_three,mp1_0.detail_title_two,mp1_0.gallery_images,mp1_0.history,mp1_0.image_url,mp1_0.insight,mp1_0.name,mp1_0.price_range,mp1_0.timings,mp1_0.visitor_notes from managed_place mp1_0 where mp1_0.city_slug=? order by mp1_0.name
2026-05-11T15:45:00.135+05:30 DEBUG 19648 --- [city-explorer] [io-8081-exec-10] org.hibernate.SQL                        : select r1_0.id,r1_0.category_slug,r1_0.city_slug,r1_0.comment,r1_0.created_at,r1_0.place_slug,r1_0.rating,r1_0.user_id,u1_0.id,u1_0.email,u1_0.full_name,u1_0.password,u1_0.role from review r1_0 join app_users u1_0 on u1_0.id=r1_0.user_id where r1_0.city_slug=? and r1_0.category_slug is null and r1_0.place_slug is null order by r1_0.created_at desc fetch first ? rows only
2026-05-11T15:45:00.138+05:30 DEBUG 19648 --- [city-explorer] [io-8081-exec-10] org.hibernate.SQL                        : select u1_0.id,u1_0.email,u1_0.full_name,u1_0.password,u1_0.role from app_users u1_0 where u1_0.email=?
2026-05-11T15:45:00.142+05:30 DEBUG 19648 --- [city-explorer] [io-8081-exec-10] o.s.w.s.v.ContentNegotiatingViewResolver : Selected 'text/html' given [text/html, application/xhtml+xml, image/avif, image/webp, image/apng, application/xml;q=0.9, */*;q=0.8, application/signed-exchange;v=b3;q=0.7]
2026-05-11T15:45:00.172+05:30 DEBUG 19648 --- [city-explorer] [io-8081-exec-10] o.s.web.servlet.DispatcherServlet        : Completed 200 OK
2026-05-11T15:45:00.221+05:30 DEBUG 19648 --- [city-explorer] [nio-8081-exec-2] o.s.web.servlet.DispatcherServlet        : GET "/js/main.js", parameters={}
2026-05-11T15:45:00.221+05:30 DEBUG 19648 --- [city-explorer] [nio-8081-exec-1] o.s.web.servlet.DispatcherServlet        : GET "/css/app.css", parameters={}
2026-05-11T15:45:00.223+05:30 DEBUG 19648 --- [city-explorer] [nio-8081-exec-1] o.s.w.s.handler.SimpleUrlHandlerMapping  : Mapped to ResourceHttpRequestHandler [classpath [META-INF/resources/], classpath [resources/], classpath [static/], classpath [public/], ServletContext [/]]
2026-05-11T15:45:00.223+05:30 DEBUG 19648 --- [city-explorer] [nio-8081-exec-2] o.s.w.s.handler.SimpleUrlHandlerMapping  : Mapped to ResourceHttpRequestHandler [classpath [META-INF/resources/], classpath [resources/], classpath [static/], classpath [public/], ServletContext [/]]
2026-05-11T15:45:00.230+05:30 DEBUG 19648 --- [city-explorer] [nio-8081-exec-1] o.s.web.servlet.DispatcherServlet        : Completed 200 OK
2026-05-11T15:45:00.231+05:30 DEBUG 19648 --- [city-explorer] [nio-8081-exec-2] o.s.web.servlet.DispatcherServlet        : Completed 200 OK
2026-05-11T15:45:06.295+05:30 DEBUG 19648 --- [city-explorer] [nio-8081-exec-4] o.s.web.servlet.DispatcherServlet        : GET "/cities/udaipur", parameters={}
2026-05-11T15:45:06.296+05:30 DEBUG 19648 --- [city-explorer] [nio-8081-exec-4] s.w.s.m.m.a.RequestMappingHandlerMapping : Mapped to com.aurevia.cityexplorer.controller.PortalController#cityPage(String, Model, Principal)
2026-05-11T15:45:06.302+05:30 DEBUG 19648 --- [city-explorer] [nio-8081-exec-4] org.hibernate.SQL                        : select mp1_0.id,mp1_0.address,mp1_0.category_slug,mp1_0.city_id,mp1_0.city_slug,mp1_0.description,mp1_0.detail_body_four,mp1_0.detail_body_one,mp1_0.detail_body_three,mp1_0.detail_body_two,mp1_0.detail_title_four,mp1_0.detail_title_one,mp1_0.detail_title_three,mp1_0.detail_title_two,mp1_0.gallery_images,mp1_0.history,mp1_0.image_url,mp1_0.insight,mp1_0.name,mp1_0.price_range,mp1_0.timings,mp1_0.visitor_notes from managed_place mp1_0 where mp1_0.city_slug=? order by mp1_0.name
2026-05-11T15:45:06.306+05:30 DEBUG 19648 --- [city-explorer] [nio-8081-exec-4] org.hibernate.SQL                        : select mp1_0.id,mp1_0.address,mp1_0.category_slug,mp1_0.city_id,mp1_0.city_slug,mp1_0.description,mp1_0.detail_body_four,mp1_0.detail_body_one,mp1_0.detail_body_three,mp1_0.detail_body_two,mp1_0.detail_title_four,mp1_0.detail_title_one,mp1_0.detail_title_three,mp1_0.detail_title_two,mp1_0.gallery_images,mp1_0.history,mp1_0.image_url,mp1_0.insight,mp1_0.name,mp1_0.price_range,mp1_0.timings,mp1_0.visitor_notes from managed_place mp1_0 where mp1_0.city_slug=? order by mp1_0.name
2026-05-11T15:45:06.317+05:30 DEBUG 19648 --- [city-explorer] [nio-8081-exec-4] org.hibernate.SQL                        : select mp1_0.id,mp1_0.address,mp1_0.category_slug,mp1_0.city_id,mp1_0.city_slug,mp1_0.description,mp1_0.detail_body_four,mp1_0.detail_body_one,mp1_0.detail_body_three,mp1_0.detail_body_two,mp1_0.detail_title_four,mp1_0.detail_title_one,mp1_0.detail_title_three,mp1_0.detail_title_two,mp1_0.gallery_images,mp1_0.history,mp1_0.image_url,mp1_0.insight,mp1_0.name,mp1_0.price_range,mp1_0.timings,mp1_0.visitor_notes from managed_place mp1_0 where mp1_0.city_slug=? order by mp1_0.name
2026-05-11T15:45:06.320+05:30 DEBUG 19648 --- [city-explorer] [nio-8081-exec-4] org.hibernate.SQL                        : select mp1_0.id,mp1_0.address,mp1_0.category_slug,mp1_0.city_id,mp1_0.city_slug,mp1_0.description,mp1_0.detail_body_four,mp1_0.detail_body_one,mp1_0.detail_body_three,mp1_0.detail_body_two,mp1_0.detail_title_four,mp1_0.detail_title_one,mp1_0.detail_title_three,mp1_0.detail_title_two,mp1_0.gallery_images,mp1_0.history,mp1_0.image_url,mp1_0.insight,mp1_0.name,mp1_0.price_range,mp1_0.timings,mp1_0.visitor_notes from managed_place mp1_0 where mp1_0.city_slug=? order by mp1_0.name
2026-05-11T15:45:06.323+05:30 DEBUG 19648 --- [city-explorer] [nio-8081-exec-4] org.hibernate.SQL                        : select r1_0.id,r1_0.category_slug,r1_0.city_slug,r1_0.comment,r1_0.created_at,r1_0.place_slug,r1_0.rating,r1_0.user_id,u1_0.id,u1_0.email,u1_0.full_name,u1_0.password,u1_0.role from review r1_0 join app_users u1_0 on u1_0.id=r1_0.user_id where r1_0.city_slug=? and r1_0.category_slug is null and r1_0.place_slug is null order by r1_0.created_at desc fetch first ? rows only
2026-05-11T15:45:06.330+05:30 DEBUG 19648 --- [city-explorer] [nio-8081-exec-4] org.hibernate.SQL                        : select u1_0.id,u1_0.email,u1_0.full_name,u1_0.password,u1_0.role from app_users u1_0 where u1_0.email=?
2026-05-11T15:45:06.335+05:30 DEBUG 19648 --- [city-explorer] [nio-8081-exec-4] o.s.w.s.v.ContentNegotiatingViewResolver : Selected 'text/html' given [text/html, application/xhtml+xml, image/avif, image/webp, image/apng, application/xml;q=0.9, */*;q=0.8, application/signed-exchange;v=b3;q=0.7]
2026-05-11T15:45:06.354+05:30 DEBUG 19648 --- [city-explorer] [nio-8081-exec-4] o.s.web.servlet.DispatcherServlet        : Completed 200 OK
2026-05-11T15:45:06.400+05:30 DEBUG 19648 --- [city-explorer] [nio-8081-exec-6] o.s.web.servlet.DispatcherServlet        : GET "/js/main.js", parameters={}
2026-05-11T15:45:06.398+05:30 DEBUG 19648 --- [city-explorer] [nio-8081-exec-3] o.s.web.servlet.DispatcherServlet        : GET "/css/app.css", parameters={}
2026-05-11T15:45:06.402+05:30 DEBUG 19648 --- [city-explorer] [nio-8081-exec-6] o.s.w.s.handler.SimpleUrlHandlerMapping  : Mapped to ResourceHttpRequestHandler [classpath [META-INF/resources/], classpath [resources/], classpath [static/], classpath [public/], ServletContext [/]]
2026-05-11T15:45:06.403+05:30 DEBUG 19648 --- [city-explorer] [nio-8081-exec-3] o.s.w.s.handler.SimpleUrlHandlerMapping  : Mapped to ResourceHttpRequestHandler [classpath [META-INF/resources/], classpath [resources/], classpath [static/], classpath [public/], ServletContext [/]]
2026-05-11T15:45:06.406+05:30 DEBUG 19648 --- [city-explorer] [nio-8081-exec-6] o.s.web.servlet.DispatcherServlet        : Completed 200 OK
2026-05-11T15:45:06.408+05:30 DEBUG 19648 --- [city-explorer] [nio-8081-exec-3] o.s.web.servlet.DispatcherServlet        : Completed 200 OK
2026-05-11T15:45:14.293+05:30 DEBUG 19648 --- [city-explorer] [nio-8081-exec-5] o.s.web.servlet.DispatcherServlet        : GET "/cities/jaisalmer", parameters={}
2026-05-11T15:45:14.294+05:30 DEBUG 19648 --- [city-explorer] [nio-8081-exec-5] s.w.s.m.m.a.RequestMappingHandlerMapping : Mapped to com.aurevia.cityexplorer.controller.PortalController#cityPage(String, Model, Principal)
2026-05-11T15:45:14.302+05:30 DEBUG 19648 --- [city-explorer] [nio-8081-exec-5] org.hibernate.SQL                        : select mp1_0.id,mp1_0.address,mp1_0.category_slug,mp1_0.city_id,mp1_0.city_slug,mp1_0.description,mp1_0.detail_body_four,mp1_0.detail_body_one,mp1_0.detail_body_three,mp1_0.detail_body_two,mp1_0.detail_title_four,mp1_0.detail_title_one,mp1_0.detail_title_three,mp1_0.detail_title_two,mp1_0.gallery_images,mp1_0.history,mp1_0.image_url,mp1_0.insight,mp1_0.name,mp1_0.price_range,mp1_0.timings,mp1_0.visitor_notes from managed_place mp1_0 where mp1_0.city_slug=? order by mp1_0.name
2026-05-11T15:45:14.305+05:30 DEBUG 19648 --- [city-explorer] [nio-8081-exec-5] org.hibernate.SQL                        : select mp1_0.id,mp1_0.address,mp1_0.category_slug,mp1_0.city_id,mp1_0.city_slug,mp1_0.description,mp1_0.detail_body_four,mp1_0.detail_body_one,mp1_0.detail_body_three,mp1_0.detail_body_two,mp1_0.detail_title_four,mp1_0.detail_title_one,mp1_0.detail_title_three,mp1_0.detail_title_two,mp1_0.gallery_images,mp1_0.history,mp1_0.image_url,mp1_0.insight,mp1_0.name,mp1_0.price_range,mp1_0.timings,mp1_0.visitor_notes from managed_place mp1_0 where mp1_0.city_slug=? order by mp1_0.name
2026-05-11T15:45:14.311+05:30 DEBUG 19648 --- [city-explorer] [nio-8081-exec-5] org.hibernate.SQL                        : select mp1_0.id,mp1_0.address,mp1_0.category_slug,mp1_0.city_id,mp1_0.city_slug,mp1_0.description,mp1_0.detail_body_four,mp1_0.detail_body_one,mp1_0.detail_body_three,mp1_0.detail_body_two,mp1_0.detail_title_four,mp1_0.detail_title_one,mp1_0.detail_title_three,mp1_0.detail_title_two,mp1_0.gallery_images,mp1_0.history,mp1_0.image_url,mp1_0.insight,mp1_0.name,mp1_0.price_range,mp1_0.timings,mp1_0.visitor_notes from managed_place mp1_0 where mp1_0.city_slug=? order by mp1_0.name
2026-05-11T15:45:14.317+05:30 DEBUG 19648 --- [city-explorer] [nio-8081-exec-5] org.hibernate.SQL                        : select mp1_0.id,mp1_0.address,mp1_0.category_slug,mp1_0.city_id,mp1_0.city_slug,mp1_0.description,mp1_0.detail_body_four,mp1_0.detail_body_one,mp1_0.detail_body_three,mp1_0.detail_body_two,mp1_0.detail_title_four,mp1_0.detail_title_one,mp1_0.detail_title_three,mp1_0.detail_title_two,mp1_0.gallery_images,mp1_0.history,mp1_0.image_url,mp1_0.insight,mp1_0.name,mp1_0.price_range,mp1_0.timings,mp1_0.visitor_notes from managed_place mp1_0 where mp1_0.city_slug=? order by mp1_0.name
2026-05-11T15:45:14.319+05:30 DEBUG 19648 --- [city-explorer] [nio-8081-exec-5] org.hibernate.SQL                        : select r1_0.id,r1_0.category_slug,r1_0.city_slug,r1_0.comment,r1_0.created_at,r1_0.place_slug,r1_0.rating,r1_0.user_id,u1_0.id,u1_0.email,u1_0.full_name,u1_0.password,u1_0.role from review r1_0 join app_users u1_0 on u1_0.id=r1_0.user_id where r1_0.city_slug=? and r1_0.category_slug is null and r1_0.place_slug is null order by r1_0.created_at desc fetch first ? rows only
2026-05-11T15:45:14.321+05:30 DEBUG 19648 --- [city-explorer] [nio-8081-exec-5] org.hibernate.SQL                        : select u1_0.id,u1_0.email,u1_0.full_name,u1_0.password,u1_0.role from app_users u1_0 where u1_0.email=?
2026-05-11T15:45:14.326+05:30 DEBUG 19648 --- [city-explorer] [nio-8081-exec-5] o.s.w.s.v.ContentNegotiatingViewResolver : Selected 'text/html' given [text/html, application/xhtml+xml, image/avif, image/webp, image/apng, application/xml;q=0.9, */*;q=0.8, application/signed-exchange;v=b3;q=0.7]
2026-05-11T15:45:14.338+05:30 DEBUG 19648 --- [city-explorer] [nio-8081-exec-5] o.s.web.servlet.DispatcherServlet        : Completed 200 OK
2026-05-11T15:45:14.384+05:30 DEBUG 19648 --- [city-explorer] [nio-8081-exec-8] o.s.web.servlet.DispatcherServlet        : GET "/js/main.js", parameters={}
2026-05-11T15:45:14.384+05:30 DEBUG 19648 --- [city-explorer] [nio-8081-exec-7] o.s.web.servlet.DispatcherServlet        : GET "/css/app.css", parameters={}
2026-05-11T15:45:14.386+05:30 DEBUG 19648 --- [city-explorer] [nio-8081-exec-8] o.s.w.s.handler.SimpleUrlHandlerMapping  : Mapped to ResourceHttpRequestHandler [classpath [META-INF/resources/], classpath [resources/], classpath [static/], classpath [public/], ServletContext [/]]
2026-05-11T15:45:14.387+05:30 DEBUG 19648 --- [city-explorer] [nio-8081-exec-7] o.s.w.s.handler.SimpleUrlHandlerMapping  : Mapped to ResourceHttpRequestHandler [classpath [META-INF/resources/], classpath [resources/], classpath [static/], classpath [public/], ServletContext [/]]
2026-05-11T15:45:14.392+05:30 DEBUG 19648 --- [city-explorer] [nio-8081-exec-8] o.s.web.servlet.DispatcherServlet        : Completed 200 OK
2026-05-11T15:45:14.395+05:30 DEBUG 19648 --- [city-explorer] [nio-8081-exec-7] o.s.web.servlet.DispatcherServlet        : Completed 200 OK
2026-05-11T15:45:21.397+05:30 DEBUG 19648 --- [city-explorer] [nio-8081-exec-9] o.s.web.servlet.DispatcherServlet        : GET "/cities/goa", parameters={}
2026-05-11T15:45:21.397+05:30 DEBUG 19648 --- [city-explorer] [nio-8081-exec-9] s.w.s.m.m.a.RequestMappingHandlerMapping : Mapped to com.aurevia.cityexplorer.controller.PortalController#cityPage(String, Model, Principal)
2026-05-11T15:45:21.402+05:30 DEBUG 19648 --- [city-explorer] [nio-8081-exec-9] org.hibernate.SQL                        : select mp1_0.id,mp1_0.address,mp1_0.category_slug,mp1_0.city_id,mp1_0.city_slug,mp1_0.description,mp1_0.detail_body_four,mp1_0.detail_body_one,mp1_0.detail_body_three,mp1_0.detail_body_two,mp1_0.detail_title_four,mp1_0.detail_title_one,mp1_0.detail_title_three,mp1_0.detail_title_two,mp1_0.gallery_images,mp1_0.history,mp1_0.image_url,mp1_0.insight,mp1_0.name,mp1_0.price_range,mp1_0.timings,mp1_0.visitor_notes from managed_place mp1_0 where mp1_0.city_slug=? order by mp1_0.name
2026-05-11T15:45:21.410+05:30 DEBUG 19648 --- [city-explorer] [nio-8081-exec-9] org.hibernate.SQL                        : select mp1_0.id,mp1_0.address,mp1_0.category_slug,mp1_0.city_id,mp1_0.city_slug,mp1_0.description,mp1_0.detail_body_four,mp1_0.detail_body_one,mp1_0.detail_body_three,mp1_0.detail_body_two,mp1_0.detail_title_four,mp1_0.detail_title_one,mp1_0.detail_title_three,mp1_0.detail_title_two,mp1_0.gallery_images,mp1_0.history,mp1_0.image_url,mp1_0.insight,mp1_0.name,mp1_0.price_range,mp1_0.timings,mp1_0.visitor_notes from managed_place mp1_0 where mp1_0.city_slug=? order by mp1_0.name
2026-05-11T15:45:21.416+05:30 DEBUG 19648 --- [city-explorer] [nio-8081-exec-9] org.hibernate.SQL                        : select mp1_0.id,mp1_0.address,mp1_0.category_slug,mp1_0.city_id,mp1_0.city_slug,mp1_0.description,mp1_0.detail_body_four,mp1_0.detail_body_one,mp1_0.detail_body_three,mp1_0.detail_body_two,mp1_0.detail_title_four,mp1_0.detail_title_one,mp1_0.detail_title_three,mp1_0.detail_title_two,mp1_0.gallery_images,mp1_0.history,mp1_0.image_url,mp1_0.insight,mp1_0.name,mp1_0.price_range,mp1_0.timings,mp1_0.visitor_notes from managed_place mp1_0 where mp1_0.city_slug=? order by mp1_0.name
2026-05-11T15:45:21.417+05:30 DEBUG 19648 --- [city-explorer] [nio-8081-exec-9] org.hibernate.SQL                        : select mp1_0.id,mp1_0.address,mp1_0.category_slug,mp1_0.city_id,mp1_0.city_slug,mp1_0.description,mp1_0.detail_body_four,mp1_0.detail_body_one,mp1_0.detail_body_three,mp1_0.detail_body_two,mp1_0.detail_title_four,mp1_0.detail_title_one,mp1_0.detail_title_three,mp1_0.detail_title_two,mp1_0.gallery_images,mp1_0.history,mp1_0.image_url,mp1_0.insight,mp1_0.name,mp1_0.price_range,mp1_0.timings,mp1_0.visitor_notes from managed_place mp1_0 where mp1_0.city_slug=? order by mp1_0.name
2026-05-11T15:45:21.420+05:30 DEBUG 19648 --- [city-explorer] [nio-8081-exec-9] org.hibernate.SQL                        : select r1_0.id,r1_0.category_slug,r1_0.city_slug,r1_0.comment,r1_0.created_at,r1_0.place_slug,r1_0.rating,r1_0.user_id,u1_0.id,u1_0.email,u1_0.full_name,u1_0.password,u1_0.role from review r1_0 join app_users u1_0 on u1_0.id=r1_0.user_id where r1_0.city_slug=? and r1_0.category_slug is null and r1_0.place_slug is null order by r1_0.created_at desc fetch first ? rows only
2026-05-11T15:45:21.426+05:30 DEBUG 19648 --- [city-explorer] [nio-8081-exec-9] org.hibernate.SQL                        : select u1_0.id,u1_0.email,u1_0.full_name,u1_0.password,u1_0.role from app_users u1_0 where u1_0.email=?
2026-05-11T15:45:21.428+05:30 DEBUG 19648 --- [city-explorer] [nio-8081-exec-9] o.s.w.s.v.ContentNegotiatingViewResolver : Selected 'text/html' given [text/html, application/xhtml+xml, image/avif, image/webp, image/apng, application/xml;q=0.9, */*;q=0.8, application/signed-exchange;v=b3;q=0.7]
2026-05-11T15:45:21.437+05:30 DEBUG 19648 --- [city-explorer] [nio-8081-exec-9] o.s.web.servlet.DispatcherServlet        : Completed 200 OK
2026-05-11T15:45:21.478+05:30 DEBUG 19648 --- [city-explorer] [io-8081-exec-10] o.s.web.servlet.DispatcherServlet        : GET "/css/app.css", parameters={}
2026-05-11T15:45:21.479+05:30 DEBUG 19648 --- [city-explorer] [nio-8081-exec-2] o.s.web.servlet.DispatcherServlet        : GET "/js/main.js", parameters={}
2026-05-11T15:45:21.481+05:30 DEBUG 19648 --- [city-explorer] [io-8081-exec-10] o.s.w.s.handler.SimpleUrlHandlerMapping  : Mapped to ResourceHttpRequestHandler [classpath [META-INF/resources/], classpath [resources/], classpath [static/], classpath [public/], ServletContext [/]]
2026-05-11T15:45:21.481+05:30 DEBUG 19648 --- [city-explorer] [nio-8081-exec-2] o.s.w.s.handler.SimpleUrlHandlerMapping  : Mapped to ResourceHttpRequestHandler [classpath [META-INF/resources/], classpath [resources/], classpath [static/], classpath [public/], ServletContext [/]]
2026-05-11T15:45:21.485+05:30 DEBUG 19648 --- [city-explorer] [io-8081-exec-10] o.s.web.servlet.DispatcherServlet        : Completed 200 OK
2026-05-11T15:45:21.485+05:30 DEBUG 19648 --- [city-explorer] [nio-8081-exec-2] o.s.web.servlet.DispatcherServlet        : Completed 200 OK
2026-05-11T15:45:28.596+05:30 DEBUG 19648 --- [city-explorer] [nio-8081-exec-1] o.s.web.servlet.DispatcherServlet        : GET "/cities/mumbai", parameters={}
2026-05-11T15:45:28.597+05:30 DEBUG 19648 --- [city-explorer] [nio-8081-exec-1] s.w.s.m.m.a.RequestMappingHandlerMapping : Mapped to com.aurevia.cityexplorer.controller.PortalController#cityPage(String, Model, Principal)
2026-05-11T15:45:28.611+05:30 DEBUG 19648 --- [city-explorer] [nio-8081-exec-1] org.hibernate.SQL                        : select mp1_0.id,mp1_0.address,mp1_0.category_slug,mp1_0.city_id,mp1_0.city_slug,mp1_0.description,mp1_0.detail_body_four,mp1_0.detail_body_one,mp1_0.detail_body_three,mp1_0.detail_body_two,mp1_0.detail_title_four,mp1_0.detail_title_one,mp1_0.detail_title_three,mp1_0.detail_title_two,mp1_0.gallery_images,mp1_0.history,mp1_0.image_url,mp1_0.insight,mp1_0.name,mp1_0.price_range,mp1_0.timings,mp1_0.visitor_notes from managed_place mp1_0 where mp1_0.city_slug=? order by mp1_0.name
2026-05-11T15:45:28.617+05:30 DEBUG 19648 --- [city-explorer] [nio-8081-exec-1] org.hibernate.SQL                        : select mp1_0.id,mp1_0.address,mp1_0.category_slug,mp1_0.city_id,mp1_0.city_slug,mp1_0.description,mp1_0.detail_body_four,mp1_0.detail_body_one,mp1_0.detail_body_three,mp1_0.detail_body_two,mp1_0.detail_title_four,mp1_0.detail_title_one,mp1_0.detail_title_three,mp1_0.detail_title_two,mp1_0.gallery_images,mp1_0.history,mp1_0.image_url,mp1_0.insight,mp1_0.name,mp1_0.price_range,mp1_0.timings,mp1_0.visitor_notes from managed_place mp1_0 where mp1_0.city_slug=? order by mp1_0.name
2026-05-11T15:45:28.620+05:30 DEBUG 19648 --- [city-explorer] [nio-8081-exec-1] org.hibernate.SQL                        : select mp1_0.id,mp1_0.address,mp1_0.category_slug,mp1_0.city_id,mp1_0.city_slug,mp1_0.description,mp1_0.detail_body_four,mp1_0.detail_body_one,mp1_0.detail_body_three,mp1_0.detail_body_two,mp1_0.detail_title_four,mp1_0.detail_title_one,mp1_0.detail_title_three,mp1_0.detail_title_two,mp1_0.gallery_images,mp1_0.history,mp1_0.image_url,mp1_0.insight,mp1_0.name,mp1_0.price_range,mp1_0.timings,mp1_0.visitor_notes from managed_place mp1_0 where mp1_0.city_slug=? order by mp1_0.name
2026-05-11T15:45:28.627+05:30 DEBUG 19648 --- [city-explorer] [nio-8081-exec-1] org.hibernate.SQL                        : select mp1_0.id,mp1_0.address,mp1_0.category_slug,mp1_0.city_id,mp1_0.city_slug,mp1_0.description,mp1_0.detail_body_four,mp1_0.detail_body_one,mp1_0.detail_body_three,mp1_0.detail_body_two,mp1_0.detail_title_four,mp1_0.detail_title_one,mp1_0.detail_title_three,mp1_0.detail_title_two,mp1_0.gallery_images,mp1_0.history,mp1_0.image_url,mp1_0.insight,mp1_0.name,mp1_0.price_range,mp1_0.timings,mp1_0.visitor_notes from managed_place mp1_0 where mp1_0.city_slug=? order by mp1_0.name
2026-05-11T15:45:28.630+05:30 DEBUG 19648 --- [city-explorer] [nio-8081-exec-1] org.hibernate.SQL                        : select r1_0.id,r1_0.category_slug,r1_0.city_slug,r1_0.comment,r1_0.created_at,r1_0.place_slug,r1_0.rating,r1_0.user_id,u1_0.id,u1_0.email,u1_0.full_name,u1_0.password,u1_0.role from review r1_0 join app_users u1_0 on u1_0.id=r1_0.user_id where r1_0.city_slug=? and r1_0.category_slug is null and r1_0.place_slug is null order by r1_0.created_at desc fetch first ? rows only
2026-05-11T15:45:28.633+05:30 DEBUG 19648 --- [city-explorer] [nio-8081-exec-1] org.hibernate.SQL                        : select u1_0.id,u1_0.email,u1_0.full_name,u1_0.password,u1_0.role from app_users u1_0 where u1_0.email=?
2026-05-11T15:45:28.635+05:30 DEBUG 19648 --- [city-explorer] [nio-8081-exec-1] o.s.w.s.v.ContentNegotiatingViewResolver : Selected 'text/html' given [text/html, application/xhtml+xml, image/avif, image/webp, image/apng, application/xml;q=0.9, */*;q=0.8, application/signed-exchange;v=b3;q=0.7]
2026-05-11T15:45:28.651+05:30 DEBUG 19648 --- [city-explorer] [nio-8081-exec-1] o.s.web.servlet.DispatcherServlet        : Completed 200 OK
2026-05-11T15:45:28.694+05:30 DEBUG 19648 --- [city-explorer] [nio-8081-exec-6] o.s.web.servlet.DispatcherServlet        : GET "/js/main.js", parameters={}
2026-05-11T15:45:28.695+05:30 DEBUG 19648 --- [city-explorer] [nio-8081-exec-6] o.s.w.s.handler.SimpleUrlHandlerMapping  : Mapped to ResourceHttpRequestHandler [classpath [META-INF/resources/], classpath [resources/], classpath [static/], classpath [public/], ServletContext [/]]
2026-05-11T15:45:28.695+05:30 DEBUG 19648 --- [city-explorer] [nio-8081-exec-4] o.s.web.servlet.DispatcherServlet        : GET "/css/app.css", parameters={}
2026-05-11T15:45:28.696+05:30 DEBUG 19648 --- [city-explorer] [nio-8081-exec-4] o.s.w.s.handler.SimpleUrlHandlerMapping  : Mapped to ResourceHttpRequestHandler [classpath [META-INF/resources/], classpath [resources/], classpath [static/], classpath [public/], ServletContext [/]]
2026-05-11T15:45:28.698+05:30 DEBUG 19648 --- [city-explorer] [nio-8081-exec-6] o.s.web.servlet.DispatcherServlet        : Completed 200 OK
2026-05-11T15:45:28.700+05:30 DEBUG 19648 --- [city-explorer] [nio-8081-exec-4] o.s.web.servlet.DispatcherServlet        : Completed 200 OK
2026-05-11T15:45:33.294+05:30 DEBUG 19648 --- [city-explorer] [nio-8081-exec-3] o.s.web.servlet.DispatcherServlet        : GET "/cities/maharashtra", parameters={}
2026-05-11T15:45:33.296+05:30 DEBUG 19648 --- [city-explorer] [nio-8081-exec-3] s.w.s.m.m.a.RequestMappingHandlerMapping : Mapped to com.aurevia.cityexplorer.controller.PortalController#cityPage(String, Model, Principal)
2026-05-11T15:45:33.304+05:30 DEBUG 19648 --- [city-explorer] [nio-8081-exec-3] org.hibernate.SQL                        : select mp1_0.id,mp1_0.address,mp1_0.category_slug,mp1_0.city_id,mp1_0.city_slug,mp1_0.description,mp1_0.detail_body_four,mp1_0.detail_body_one,mp1_0.detail_body_three,mp1_0.detail_body_two,mp1_0.detail_title_four,mp1_0.detail_title_one,mp1_0.detail_title_three,mp1_0.detail_title_two,mp1_0.gallery_images,mp1_0.history,mp1_0.image_url,mp1_0.insight,mp1_0.name,mp1_0.price_range,mp1_0.timings,mp1_0.visitor_notes from managed_place mp1_0 where mp1_0.city_slug=? order by mp1_0.name
2026-05-11T15:45:33.316+05:30 DEBUG 19648 --- [city-explorer] [nio-8081-exec-3] org.hibernate.SQL                        : select mp1_0.id,mp1_0.address,mp1_0.category_slug,mp1_0.city_id,mp1_0.city_slug,mp1_0.description,mp1_0.detail_body_four,mp1_0.detail_body_one,mp1_0.detail_body_three,mp1_0.detail_body_two,mp1_0.detail_title_four,mp1_0.detail_title_one,mp1_0.detail_title_three,mp1_0.detail_title_two,mp1_0.gallery_images,mp1_0.history,mp1_0.image_url,mp1_0.insight,mp1_0.name,mp1_0.price_range,mp1_0.timings,mp1_0.visitor_notes from managed_place mp1_0 where mp1_0.city_slug=? order by mp1_0.name
2026-05-11T15:45:33.318+05:30 DEBUG 19648 --- [city-explorer] [nio-8081-exec-3] org.hibernate.SQL                        : select mp1_0.id,mp1_0.address,mp1_0.category_slug,mp1_0.city_id,mp1_0.city_slug,mp1_0.description,mp1_0.detail_body_four,mp1_0.detail_body_one,mp1_0.detail_body_three,mp1_0.detail_body_two,mp1_0.detail_title_four,mp1_0.detail_title_one,mp1_0.detail_title_three,mp1_0.detail_title_two,mp1_0.gallery_images,mp1_0.history,mp1_0.image_url,mp1_0.insight,mp1_0.name,mp1_0.price_range,mp1_0.timings,mp1_0.visitor_notes from managed_place mp1_0 where mp1_0.city_slug=? order by mp1_0.name
2026-05-11T15:45:33.327+05:30 DEBUG 19648 --- [city-explorer] [nio-8081-exec-3] org.hibernate.SQL                        : select mp1_0.id,mp1_0.address,mp1_0.category_slug,mp1_0.city_id,mp1_0.city_slug,mp1_0.description,mp1_0.detail_body_four,mp1_0.detail_body_one,mp1_0.detail_body_three,mp1_0.detail_body_two,mp1_0.detail_title_four,mp1_0.detail_title_one,mp1_0.detail_title_three,mp1_0.detail_title_two,mp1_0.gallery_images,mp1_0.history,mp1_0.image_url,mp1_0.insight,mp1_0.name,mp1_0.price_range,mp1_0.timings,mp1_0.visitor_notes from managed_place mp1_0 where mp1_0.city_slug=? order by mp1_0.name
2026-05-11T15:45:33.334+05:30 DEBUG 19648 --- [city-explorer] [nio-8081-exec-3] org.hibernate.SQL                        : select r1_0.id,r1_0.category_slug,r1_0.city_slug,r1_0.comment,r1_0.created_at,r1_0.place_slug,r1_0.rating,r1_0.user_id,u1_0.id,u1_0.email,u1_0.full_name,u1_0.password,u1_0.role from review r1_0 join app_users u1_0 on u1_0.id=r1_0.user_id where r1_0.city_slug=? and r1_0.category_slug is null and r1_0.place_slug is null order by r1_0.created_at desc fetch first ? rows only
2026-05-11T15:45:33.340+05:30 DEBUG 19648 --- [city-explorer] [nio-8081-exec-3] org.hibernate.SQL                        : select u1_0.id,u1_0.email,u1_0.full_name,u1_0.password,u1_0.role from app_users u1_0 where u1_0.email=?
2026-05-11T15:45:33.345+05:30 DEBUG 19648 --- [city-explorer] [nio-8081-exec-3] o.s.w.s.v.ContentNegotiatingViewResolver : Selected 'text/html' given [text/html, application/xhtml+xml, image/avif, image/webp, image/apng, application/xml;q=0.9, */*;q=0.8, application/signed-exchange;v=b3;q=0.7]
2026-05-11T15:45:33.365+05:30 DEBUG 19648 --- [city-explorer] [nio-8081-exec-3] o.s.web.servlet.DispatcherServlet        : Completed 200 OK
2026-05-11T15:45:33.396+05:30 DEBUG 19648 --- [city-explorer] [nio-8081-exec-5] o.s.web.servlet.DispatcherServlet        : GET "/css/app.css", parameters={}
2026-05-11T15:45:33.397+05:30 DEBUG 19648 --- [city-explorer] [nio-8081-exec-5] o.s.w.s.handler.SimpleUrlHandlerMapping  : Mapped to ResourceHttpRequestHandler [classpath [META-INF/resources/], classpath [resources/], classpath [static/], classpath [public/], ServletContext [/]]
2026-05-11T15:45:33.397+05:30 DEBUG 19648 --- [city-explorer] [nio-8081-exec-8] o.s.web.servlet.DispatcherServlet        : GET "/js/main.js", parameters={}
2026-05-11T15:45:33.398+05:30 DEBUG 19648 --- [city-explorer] [nio-8081-exec-8] o.s.w.s.handler.SimpleUrlHandlerMapping  : Mapped to ResourceHttpRequestHandler [classpath [META-INF/resources/], classpath [resources/], classpath [static/], classpath [public/], ServletContext [/]]
2026-05-11T15:45:33.410+05:30 DEBUG 19648 --- [city-explorer] [nio-8081-exec-8] o.s.web.servlet.DispatcherServlet        : Completed 200 OK
2026-05-11T15:45:33.411+05:30 DEBUG 19648 --- [city-explorer] [nio-8081-exec-5] o.s.web.servlet.DispatcherServlet        : Completed 200 OK
2026-05-11T15:45:42.325+05:30 DEBUG 19648 --- [city-explorer] [nio-8081-exec-7] o.s.web.servlet.DispatcherServlet        : GET "/cities/kochi", parameters={}
2026-05-11T15:45:42.328+05:30 DEBUG 19648 --- [city-explorer] [nio-8081-exec-7] s.w.s.m.m.a.RequestMappingHandlerMapping : Mapped to com.aurevia.cityexplorer.controller.PortalController#cityPage(String, Model, Principal)
2026-05-11T15:45:42.330+05:30 DEBUG 19648 --- [city-explorer] [nio-8081-exec-7] org.hibernate.SQL                        : select mp1_0.id,mp1_0.address,mp1_0.category_slug,mp1_0.city_id,mp1_0.city_slug,mp1_0.description,mp1_0.detail_body_four,mp1_0.detail_body_one,mp1_0.detail_body_three,mp1_0.detail_body_two,mp1_0.detail_title_four,mp1_0.detail_title_one,mp1_0.detail_title_three,mp1_0.detail_title_two,mp1_0.gallery_images,mp1_0.history,mp1_0.image_url,mp1_0.insight,mp1_0.name,mp1_0.price_range,mp1_0.timings,mp1_0.visitor_notes from managed_place mp1_0 where mp1_0.city_slug=? order by mp1_0.name
2026-05-11T15:45:42.337+05:30 DEBUG 19648 --- [city-explorer] [nio-8081-exec-7] org.hibernate.SQL                        : select mp1_0.id,mp1_0.address,mp1_0.category_slug,mp1_0.city_id,mp1_0.city_slug,mp1_0.description,mp1_0.detail_body_four,mp1_0.detail_body_one,mp1_0.detail_body_three,mp1_0.detail_body_two,mp1_0.detail_title_four,mp1_0.detail_title_one,mp1_0.detail_title_three,mp1_0.detail_title_two,mp1_0.gallery_images,mp1_0.history,mp1_0.image_url,mp1_0.insight,mp1_0.name,mp1_0.price_range,mp1_0.timings,mp1_0.visitor_notes from managed_place mp1_0 where mp1_0.city_slug=? order by mp1_0.name
2026-05-11T15:45:42.343+05:30 DEBUG 19648 --- [city-explorer] [nio-8081-exec-7] org.hibernate.SQL                        : select mp1_0.id,mp1_0.address,mp1_0.category_slug,mp1_0.city_id,mp1_0.city_slug,mp1_0.description,mp1_0.detail_body_four,mp1_0.detail_body_one,mp1_0.detail_body_three,mp1_0.detail_body_two,mp1_0.detail_title_four,mp1_0.detail_title_one,mp1_0.detail_title_three,mp1_0.detail_title_two,mp1_0.gallery_images,mp1_0.history,mp1_0.image_url,mp1_0.insight,mp1_0.name,mp1_0.price_range,mp1_0.timings,mp1_0.visitor_notes from managed_place mp1_0 where mp1_0.city_slug=? order by mp1_0.name
2026-05-11T15:45:42.346+05:30 DEBUG 19648 --- [city-explorer] [nio-8081-exec-7] org.hibernate.SQL                        : select mp1_0.id,mp1_0.address,mp1_0.category_slug,mp1_0.city_id,mp1_0.city_slug,mp1_0.description,mp1_0.detail_body_four,mp1_0.detail_body_one,mp1_0.detail_body_three,mp1_0.detail_body_two,mp1_0.detail_title_four,mp1_0.detail_title_one,mp1_0.detail_title_three,mp1_0.detail_title_two,mp1_0.gallery_images,mp1_0.history,mp1_0.image_url,mp1_0.insight,mp1_0.name,mp1_0.price_range,mp1_0.timings,mp1_0.visitor_notes from managed_place mp1_0 where mp1_0.city_slug=? order by mp1_0.name
2026-05-11T15:45:42.349+05:30 DEBUG 19648 --- [city-explorer] [nio-8081-exec-7] org.hibernate.SQL                        : select r1_0.id,r1_0.category_slug,r1_0.city_slug,r1_0.comment,r1_0.created_at,r1_0.place_slug,r1_0.rating,r1_0.user_id,u1_0.id,u1_0.email,u1_0.full_name,u1_0.password,u1_0.role from review r1_0 join app_users u1_0 on u1_0.id=r1_0.user_id where r1_0.city_slug=? and r1_0.category_slug is null and r1_0.place_slug is null order by r1_0.created_at desc fetch first ? rows only
2026-05-11T15:45:42.357+05:30 DEBUG 19648 --- [city-explorer] [nio-8081-exec-7] org.hibernate.SQL                        : select u1_0.id,u1_0.email,u1_0.full_name,u1_0.password,u1_0.role from app_users u1_0 where u1_0.email=?
2026-05-11T15:45:42.361+05:30 DEBUG 19648 --- [city-explorer] [nio-8081-exec-7] o.s.w.s.v.ContentNegotiatingViewResolver : Selected 'text/html' given [text/html, application/xhtml+xml, image/avif, image/webp, image/apng, application/xml;q=0.9, */*;q=0.8, application/signed-exchange;v=b3;q=0.7]
2026-05-11T15:45:42.382+05:30 DEBUG 19648 --- [city-explorer] [nio-8081-exec-7] o.s.web.servlet.DispatcherServlet        : Completed 200 OK
2026-05-11T15:45:42.464+05:30 DEBUG 19648 --- [city-explorer] [nio-8081-exec-9] o.s.web.servlet.DispatcherServlet        : GET "/css/app.css", parameters={}
2026-05-11T15:45:42.465+05:30 DEBUG 19648 --- [city-explorer] [nio-8081-exec-9] o.s.w.s.handler.SimpleUrlHandlerMapping  : Mapped to ResourceHttpRequestHandler [classpath [META-INF/resources/], classpath [resources/], classpath [static/], classpath [public/], ServletContext [/]]
2026-05-11T15:45:42.476+05:30 DEBUG 19648 --- [city-explorer] [nio-8081-exec-9] o.s.web.servlet.DispatcherServlet        : Completed 200 OK
2026-05-11T15:45:42.482+05:30 DEBUG 19648 --- [city-explorer] [io-8081-exec-10] o.s.web.servlet.DispatcherServlet        : GET "/js/main.js", parameters={}
2026-05-11T15:45:42.483+05:30 DEBUG 19648 --- [city-explorer] [io-8081-exec-10] o.s.w.s.handler.SimpleUrlHandlerMapping  : Mapped to ResourceHttpRequestHandler [classpath [META-INF/resources/], classpath [resources/], classpath [static/], classpath [public/], ServletContext [/]]
2026-05-11T15:45:42.492+05:30 DEBUG 19648 --- [city-explorer] [io-8081-exec-10] o.s.web.servlet.DispatcherServlet        : Completed 200 OK
2026-05-11T15:45:47.149+05:30 DEBUG 19648 --- [city-explorer] [nio-8081-exec-2] o.s.web.servlet.DispatcherServlet        : GET "/cities/darjeeling", parameters={}
2026-05-11T15:45:47.152+05:30 DEBUG 19648 --- [city-explorer] [nio-8081-exec-2] s.w.s.m.m.a.RequestMappingHandlerMapping : Mapped to com.aurevia.cityexplorer.controller.PortalController#cityPage(String, Model, Principal)
2026-05-11T15:45:47.156+05:30 DEBUG 19648 --- [city-explorer] [nio-8081-exec-2] org.hibernate.SQL                        : select mp1_0.id,mp1_0.address,mp1_0.category_slug,mp1_0.city_id,mp1_0.city_slug,mp1_0.description,mp1_0.detail_body_four,mp1_0.detail_body_one,mp1_0.detail_body_three,mp1_0.detail_body_two,mp1_0.detail_title_four,mp1_0.detail_title_one,mp1_0.detail_title_three,mp1_0.detail_title_two,mp1_0.gallery_images,mp1_0.history,mp1_0.image_url,mp1_0.insight,mp1_0.name,mp1_0.price_range,mp1_0.timings,mp1_0.visitor_notes from managed_place mp1_0 where mp1_0.city_slug=? order by mp1_0.name
2026-05-11T15:45:47.161+05:30 DEBUG 19648 --- [city-explorer] [nio-8081-exec-2] org.hibernate.SQL                        : select mp1_0.id,mp1_0.address,mp1_0.category_slug,mp1_0.city_id,mp1_0.city_slug,mp1_0.description,mp1_0.detail_body_four,mp1_0.detail_body_one,mp1_0.detail_body_three,mp1_0.detail_body_two,mp1_0.detail_title_four,mp1_0.detail_title_one,mp1_0.detail_title_three,mp1_0.detail_title_two,mp1_0.gallery_images,mp1_0.history,mp1_0.image_url,mp1_0.insight,mp1_0.name,mp1_0.price_range,mp1_0.timings,mp1_0.visitor_notes from managed_place mp1_0 where mp1_0.city_slug=? order by mp1_0.name
2026-05-11T15:45:47.163+05:30 DEBUG 19648 --- [city-explorer] [nio-8081-exec-2] org.hibernate.SQL                        : select mp1_0.id,mp1_0.address,mp1_0.category_slug,mp1_0.city_id,mp1_0.city_slug,mp1_0.description,mp1_0.detail_body_four,mp1_0.detail_body_one,mp1_0.detail_body_three,mp1_0.detail_body_two,mp1_0.detail_title_four,mp1_0.detail_title_one,mp1_0.detail_title_three,mp1_0.detail_title_two,mp1_0.gallery_images,mp1_0.history,mp1_0.image_url,mp1_0.insight,mp1_0.name,mp1_0.price_range,mp1_0.timings,mp1_0.visitor_notes from managed_place mp1_0 where mp1_0.city_slug=? order by mp1_0.name
2026-05-11T15:45:47.166+05:30 DEBUG 19648 --- [city-explorer] [nio-8081-exec-2] org.hibernate.SQL                        : select mp1_0.id,mp1_0.address,mp1_0.category_slug,mp1_0.city_id,mp1_0.city_slug,mp1_0.description,mp1_0.detail_body_four,mp1_0.detail_body_one,mp1_0.detail_body_three,mp1_0.detail_body_two,mp1_0.detail_title_four,mp1_0.detail_title_one,mp1_0.detail_title_three,mp1_0.detail_title_two,mp1_0.gallery_images,mp1_0.history,mp1_0.image_url,mp1_0.insight,mp1_0.name,mp1_0.price_range,mp1_0.timings,mp1_0.visitor_notes from managed_place mp1_0 where mp1_0.city_slug=? order by mp1_0.name
2026-05-11T15:45:47.173+05:30 DEBUG 19648 --- [city-explorer] [nio-8081-exec-2] org.hibernate.SQL                        : select r1_0.id,r1_0.category_slug,r1_0.city_slug,r1_0.comment,r1_0.created_at,r1_0.place_slug,r1_0.rating,r1_0.user_id,u1_0.id,u1_0.email,u1_0.full_name,u1_0.password,u1_0.role from review r1_0 join app_users u1_0 on u1_0.id=r1_0.user_id where r1_0.city_slug=? and r1_0.category_slug is null and r1_0.place_slug is null order by r1_0.created_at desc fetch first ? rows only
2026-05-11T15:45:47.177+05:30 DEBUG 19648 --- [city-explorer] [nio-8081-exec-2] org.hibernate.SQL                        : select u1_0.id,u1_0.email,u1_0.full_name,u1_0.password,u1_0.role from app_users u1_0 where u1_0.email=?
2026-05-11T15:45:47.178+05:30 DEBUG 19648 --- [city-explorer] [nio-8081-exec-2] o.s.w.s.v.ContentNegotiatingViewResolver : Selected 'text/html' given [text/html, application/xhtml+xml, image/avif, image/webp, image/apng, application/xml;q=0.9, */*;q=0.8, application/signed-exchange;v=b3;q=0.7]
2026-05-11T15:45:47.192+05:30 DEBUG 19648 --- [city-explorer] [nio-8081-exec-2] o.s.web.servlet.DispatcherServlet        : Completed 200 OK
2026-05-11T15:45:47.215+05:30 DEBUG 19648 --- [city-explorer] [nio-8081-exec-1] o.s.web.servlet.DispatcherServlet        : GET "/css/app.css", parameters={}
2026-05-11T15:45:47.216+05:30 DEBUG 19648 --- [city-explorer] [nio-8081-exec-1] o.s.w.s.handler.SimpleUrlHandlerMapping  : Mapped to ResourceHttpRequestHandler [classpath [META-INF/resources/], classpath [resources/], classpath [static/], classpath [public/], ServletContext [/]]
2026-05-11T15:45:47.230+05:30 DEBUG 19648 --- [city-explorer] [nio-8081-exec-1] o.s.web.servlet.DispatcherServlet        : Completed 200 OK
2026-05-11T15:45:47.231+05:30 DEBUG 19648 --- [city-explorer] [nio-8081-exec-6] o.s.web.servlet.DispatcherServlet        : GET "/js/main.js", parameters={}
2026-05-11T15:45:47.231+05:30 DEBUG 19648 --- [city-explorer] [nio-8081-exec-6] o.s.w.s.handler.SimpleUrlHandlerMapping  : Mapped to ResourceHttpRequestHandler [classpath [META-INF/resources/], classpath [resources/], classpath [static/], classpath [public/], ServletContext [/]]
2026-05-11T15:45:47.236+05:30 DEBUG 19648 --- [city-explorer] [nio-8081-exec-6] o.s.web.servlet.DispatcherServlet        : Completed 200 OK
2026-05-11T15:46:06.046+05:30 DEBUG 19648 --- [city-explorer] [nio-8081-exec-4] o.s.web.servlet.DispatcherServlet        : GET "/cities/chamba", parameters={}
2026-05-11T15:46:06.050+05:30 DEBUG 19648 --- [city-explorer] [nio-8081-exec-4] s.w.s.m.m.a.RequestMappingHandlerMapping : Mapped to com.aurevia.cityexplorer.controller.PortalController#cityPage(String, Model, Principal)
2026-05-11T15:46:06.060+05:30 DEBUG 19648 --- [city-explorer] [nio-8081-exec-4] org.hibernate.SQL                        : select mp1_0.id,mp1_0.address,mp1_0.category_slug,mp1_0.city_id,mp1_0.city_slug,mp1_0.description,mp1_0.detail_body_four,mp1_0.detail_body_one,mp1_0.detail_body_three,mp1_0.detail_body_two,mp1_0.detail_title_four,mp1_0.detail_title_one,mp1_0.detail_title_three,mp1_0.detail_title_two,mp1_0.gallery_images,mp1_0.history,mp1_0.image_url,mp1_0.insight,mp1_0.name,mp1_0.price_range,mp1_0.timings,mp1_0.visitor_notes from managed_place mp1_0 where mp1_0.city_slug=? order by mp1_0.name
2026-05-11T15:46:06.065+05:30 DEBUG 19648 --- [city-explorer] [nio-8081-exec-4] org.hibernate.SQL                        : select mp1_0.id,mp1_0.address,mp1_0.category_slug,mp1_0.city_id,mp1_0.city_slug,mp1_0.description,mp1_0.detail_body_four,mp1_0.detail_body_one,mp1_0.detail_body_three,mp1_0.detail_body_two,mp1_0.detail_title_four,mp1_0.detail_title_one,mp1_0.detail_title_three,mp1_0.detail_title_two,mp1_0.gallery_images,mp1_0.history,mp1_0.image_url,mp1_0.insight,mp1_0.name,mp1_0.price_range,mp1_0.timings,mp1_0.visitor_notes from managed_place mp1_0 where mp1_0.city_slug=? order by mp1_0.name
2026-05-11T15:46:06.069+05:30 DEBUG 19648 --- [city-explorer] [nio-8081-exec-4] org.hibernate.SQL                        : select mp1_0.id,mp1_0.address,mp1_0.category_slug,mp1_0.city_id,mp1_0.city_slug,mp1_0.description,mp1_0.detail_body_four,mp1_0.detail_body_one,mp1_0.detail_body_three,mp1_0.detail_body_two,mp1_0.detail_title_four,mp1_0.detail_title_one,mp1_0.detail_title_three,mp1_0.detail_title_two,mp1_0.gallery_images,mp1_0.history,mp1_0.image_url,mp1_0.insight,mp1_0.name,mp1_0.price_range,mp1_0.timings,mp1_0.visitor_notes from managed_place mp1_0 where mp1_0.city_slug=? order by mp1_0.name
2026-05-11T15:46:06.074+05:30 DEBUG 19648 --- [city-explorer] [nio-8081-exec-4] org.hibernate.SQL                        : select mp1_0.id,mp1_0.address,mp1_0.category_slug,mp1_0.city_id,mp1_0.city_slug,mp1_0.description,mp1_0.detail_body_four,mp1_0.detail_body_one,mp1_0.detail_body_three,mp1_0.detail_body_two,mp1_0.detail_title_four,mp1_0.detail_title_one,mp1_0.detail_title_three,mp1_0.detail_title_two,mp1_0.gallery_images,mp1_0.history,mp1_0.image_url,mp1_0.insight,mp1_0.name,mp1_0.price_range,mp1_0.timings,mp1_0.visitor_notes from managed_place mp1_0 where mp1_0.city_slug=? order by mp1_0.name
2026-05-11T15:46:06.076+05:30 DEBUG 19648 --- [city-explorer] [nio-8081-exec-4] org.hibernate.SQL                        : select r1_0.id,r1_0.category_slug,r1_0.city_slug,r1_0.comment,r1_0.created_at,r1_0.place_slug,r1_0.rating,r1_0.user_id,u1_0.id,u1_0.email,u1_0.full_name,u1_0.password,u1_0.role from review r1_0 join app_users u1_0 on u1_0.id=r1_0.user_id where r1_0.city_slug=? and r1_0.category_slug is null and r1_0.place_slug is null order by r1_0.created_at desc fetch first ? rows only
2026-05-11T15:46:06.079+05:30 DEBUG 19648 --- [city-explorer] [nio-8081-exec-4] org.hibernate.SQL                        : select u1_0.id,u1_0.email,u1_0.full_name,u1_0.password,u1_0.role from app_users u1_0 where u1_0.email=?
2026-05-11T15:46:06.085+05:30 DEBUG 19648 --- [city-explorer] [nio-8081-exec-4] o.s.w.s.v.ContentNegotiatingViewResolver : Selected 'text/html' given [text/html, application/xhtml+xml, image/avif, image/webp, image/apng, application/xml;q=0.9, */*;q=0.8, application/signed-exchange;v=b3;q=0.7]
2026-05-11T15:46:06.099+05:30 DEBUG 19648 --- [city-explorer] [nio-8081-exec-4] o.s.web.servlet.DispatcherServlet        : Completed 200 OK
2026-05-11T15:46:06.143+05:30 DEBUG 19648 --- [city-explorer] [nio-8081-exec-3] o.s.web.servlet.DispatcherServlet        : GET "/css/app.css", parameters={}
2026-05-11T15:46:06.144+05:30 DEBUG 19648 --- [city-explorer] [nio-8081-exec-3] o.s.w.s.handler.SimpleUrlHandlerMapping  : Mapped to ResourceHttpRequestHandler [classpath [META-INF/resources/], classpath [resources/], classpath [static/], classpath [public/], ServletContext [/]]
2026-05-11T15:46:06.143+05:30 DEBUG 19648 --- [city-explorer] [nio-8081-exec-8] o.s.web.servlet.DispatcherServlet        : GET "/js/main.js", parameters={}
2026-05-11T15:46:06.145+05:30 DEBUG 19648 --- [city-explorer] [nio-8081-exec-8] o.s.w.s.handler.SimpleUrlHandlerMapping  : Mapped to ResourceHttpRequestHandler [classpath [META-INF/resources/], classpath [resources/], classpath [static/], classpath [public/], ServletContext [/]]
2026-05-11T15:46:06.153+05:30 DEBUG 19648 --- [city-explorer] [nio-8081-exec-3] o.s.web.servlet.DispatcherServlet        : Completed 200 OK
2026-05-11T15:46:06.158+05:30 DEBUG 19648 --- [city-explorer] [nio-8081-exec-8] o.s.web.servlet.DispatcherServlet        : Completed 200 OK
2026-05-11T15:46:14.875+05:30 DEBUG 19648 --- [city-explorer] [nio-8081-exec-5] o.s.web.servlet.DispatcherServlet        : GET "/cities/rishikesh", parameters={}
2026-05-11T15:46:14.877+05:30 DEBUG 19648 --- [city-explorer] [nio-8081-exec-5] s.w.s.m.m.a.RequestMappingHandlerMapping : Mapped to com.aurevia.cityexplorer.controller.PortalController#cityPage(String, Model, Principal)
2026-05-11T15:46:14.904+05:30 DEBUG 19648 --- [city-explorer] [nio-8081-exec-5] org.hibernate.SQL                        : select mp1_0.id,mp1_0.address,mp1_0.category_slug,mp1_0.city_id,mp1_0.city_slug,mp1_0.description,mp1_0.detail_body_four,mp1_0.detail_body_one,mp1_0.detail_body_three,mp1_0.detail_body_two,mp1_0.detail_title_four,mp1_0.detail_title_one,mp1_0.detail_title_three,mp1_0.detail_title_two,mp1_0.gallery_images,mp1_0.history,mp1_0.image_url,mp1_0.insight,mp1_0.name,mp1_0.price_range,mp1_0.timings,mp1_0.visitor_notes from managed_place mp1_0 where mp1_0.city_slug=? order by mp1_0.name
2026-05-11T15:46:14.909+05:30 DEBUG 19648 --- [city-explorer] [nio-8081-exec-5] org.hibernate.SQL                        : select mp1_0.id,mp1_0.address,mp1_0.category_slug,mp1_0.city_id,mp1_0.city_slug,mp1_0.description,mp1_0.detail_body_four,mp1_0.detail_body_one,mp1_0.detail_body_three,mp1_0.detail_body_two,mp1_0.detail_title_four,mp1_0.detail_title_one,mp1_0.detail_title_three,mp1_0.detail_title_two,mp1_0.gallery_images,mp1_0.history,mp1_0.image_url,mp1_0.insight,mp1_0.name,mp1_0.price_range,mp1_0.timings,mp1_0.visitor_notes from managed_place mp1_0 where mp1_0.city_slug=? order by mp1_0.name
2026-05-11T15:46:14.916+05:30 DEBUG 19648 --- [city-explorer] [nio-8081-exec-5] org.hibernate.SQL                        : select mp1_0.id,mp1_0.address,mp1_0.category_slug,mp1_0.city_id,mp1_0.city_slug,mp1_0.description,mp1_0.detail_body_four,mp1_0.detail_body_one,mp1_0.detail_body_three,mp1_0.detail_body_two,mp1_0.detail_title_four,mp1_0.detail_title_one,mp1_0.detail_title_three,mp1_0.detail_title_two,mp1_0.gallery_images,mp1_0.history,mp1_0.image_url,mp1_0.insight,mp1_0.name,mp1_0.price_range,mp1_0.timings,mp1_0.visitor_notes from managed_place mp1_0 where mp1_0.city_slug=? order by mp1_0.name
2026-05-11T15:46:14.922+05:30 DEBUG 19648 --- [city-explorer] [nio-8081-exec-5] org.hibernate.SQL                        : select mp1_0.id,mp1_0.address,mp1_0.category_slug,mp1_0.city_id,mp1_0.city_slug,mp1_0.description,mp1_0.detail_body_four,mp1_0.detail_body_one,mp1_0.detail_body_three,mp1_0.detail_body_two,mp1_0.detail_title_four,mp1_0.detail_title_one,mp1_0.detail_title_three,mp1_0.detail_title_two,mp1_0.gallery_images,mp1_0.history,mp1_0.image_url,mp1_0.insight,mp1_0.name,mp1_0.price_range,mp1_0.timings,mp1_0.visitor_notes from managed_place mp1_0 where mp1_0.city_slug=? order by mp1_0.name
2026-05-11T15:46:14.927+05:30 DEBUG 19648 --- [city-explorer] [nio-8081-exec-5] org.hibernate.SQL                        : select r1_0.id,r1_0.category_slug,r1_0.city_slug,r1_0.comment,r1_0.created_at,r1_0.place_slug,r1_0.rating,r1_0.user_id,u1_0.id,u1_0.email,u1_0.full_name,u1_0.password,u1_0.role from review r1_0 join app_users u1_0 on u1_0.id=r1_0.user_id where r1_0.city_slug=? and r1_0.category_slug is null and r1_0.place_slug is null order by r1_0.created_at desc fetch first ? rows only
2026-05-11T15:46:14.938+05:30 DEBUG 19648 --- [city-explorer] [nio-8081-exec-5] org.hibernate.SQL                        : select u1_0.id,u1_0.email,u1_0.full_name,u1_0.password,u1_0.role from app_users u1_0 where u1_0.email=?
2026-05-11T15:46:14.942+05:30 DEBUG 19648 --- [city-explorer] [nio-8081-exec-5] o.s.w.s.v.ContentNegotiatingViewResolver : Selected 'text/html' given [text/html, application/xhtml+xml, image/avif, image/webp, image/apng, application/xml;q=0.9, */*;q=0.8, application/signed-exchange;v=b3;q=0.7]
2026-05-11T15:46:14.970+05:30 DEBUG 19648 --- [city-explorer] [nio-8081-exec-5] o.s.web.servlet.DispatcherServlet        : Completed 200 OK
2026-05-11T15:46:15.010+05:30 DEBUG 19648 --- [city-explorer] [nio-8081-exec-7] o.s.web.servlet.DispatcherServlet        : GET "/css/app.css", parameters={}
2026-05-11T15:46:15.011+05:30 DEBUG 19648 --- [city-explorer] [nio-8081-exec-7] o.s.w.s.handler.SimpleUrlHandlerMapping  : Mapped to ResourceHttpRequestHandler [classpath [META-INF/resources/], classpath [resources/], classpath [static/], classpath [public/], ServletContext [/]]
2026-05-11T15:46:15.014+05:30 DEBUG 19648 --- [city-explorer] [nio-8081-exec-9] o.s.web.servlet.DispatcherServlet        : GET "/js/main.js", parameters={}
2026-05-11T15:46:15.016+05:30 DEBUG 19648 --- [city-explorer] [nio-8081-exec-9] o.s.w.s.handler.SimpleUrlHandlerMapping  : Mapped to ResourceHttpRequestHandler [classpath [META-INF/resources/], classpath [resources/], classpath [static/], classpath [public/], ServletContext [/]]
2026-05-11T15:46:15.018+05:30 DEBUG 19648 --- [city-explorer] [nio-8081-exec-7] o.s.web.servlet.DispatcherServlet        : Completed 200 OK
2026-05-11T15:46:15.022+05:30 DEBUG 19648 --- [city-explorer] [nio-8081-exec-9] o.s.web.servlet.DispatcherServlet        : Completed 200 OK
2026-05-11T15:46:41.347+05:30 DEBUG 19648 --- [city-explorer] [io-8081-exec-10] o.s.web.servlet.DispatcherServlet        : GET "/cities/shimla", parameters={}
2026-05-11T15:46:41.348+05:30 DEBUG 19648 --- [city-explorer] [io-8081-exec-10] s.w.s.m.m.a.RequestMappingHandlerMapping : Mapped to com.aurevia.cityexplorer.controller.PortalController#cityPage(String, Model, Principal)
2026-05-11T15:46:41.356+05:30 DEBUG 19648 --- [city-explorer] [io-8081-exec-10] org.hibernate.SQL                        : select mp1_0.id,mp1_0.address,mp1_0.category_slug,mp1_0.city_id,mp1_0.city_slug,mp1_0.description,mp1_0.detail_body_four,mp1_0.detail_body_one,mp1_0.detail_body_three,mp1_0.detail_body_two,mp1_0.detail_title_four,mp1_0.detail_title_one,mp1_0.detail_title_three,mp1_0.detail_title_two,mp1_0.gallery_images,mp1_0.history,mp1_0.image_url,mp1_0.insight,mp1_0.name,mp1_0.price_range,mp1_0.timings,mp1_0.visitor_notes from managed_place mp1_0 where mp1_0.city_slug=? order by mp1_0.name
2026-05-11T15:46:41.366+05:30 DEBUG 19648 --- [city-explorer] [io-8081-exec-10] org.hibernate.SQL                        : select mp1_0.id,mp1_0.address,mp1_0.category_slug,mp1_0.city_id,mp1_0.city_slug,mp1_0.description,mp1_0.detail_body_four,mp1_0.detail_body_one,mp1_0.detail_body_three,mp1_0.detail_body_two,mp1_0.detail_title_four,mp1_0.detail_title_one,mp1_0.detail_title_three,mp1_0.detail_title_two,mp1_0.gallery_images,mp1_0.history,mp1_0.image_url,mp1_0.insight,mp1_0.name,mp1_0.price_range,mp1_0.timings,mp1_0.visitor_notes from managed_place mp1_0 where mp1_0.city_slug=? order by mp1_0.name
2026-05-11T15:46:41.369+05:30 DEBUG 19648 --- [city-explorer] [io-8081-exec-10] org.hibernate.SQL                        : select mp1_0.id,mp1_0.address,mp1_0.category_slug,mp1_0.city_id,mp1_0.city_slug,mp1_0.description,mp1_0.detail_body_four,mp1_0.detail_body_one,mp1_0.detail_body_three,mp1_0.detail_body_two,mp1_0.detail_title_four,mp1_0.detail_title_one,mp1_0.detail_title_three,mp1_0.detail_title_two,mp1_0.gallery_images,mp1_0.history,mp1_0.image_url,mp1_0.insight,mp1_0.name,mp1_0.price_range,mp1_0.timings,mp1_0.visitor_notes from managed_place mp1_0 where mp1_0.city_slug=? order by mp1_0.name
2026-05-11T15:46:41.373+05:30 DEBUG 19648 --- [city-explorer] [io-8081-exec-10] org.hibernate.SQL                        : select mp1_0.id,mp1_0.address,mp1_0.category_slug,mp1_0.city_id,mp1_0.city_slug,mp1_0.description,mp1_0.detail_body_four,mp1_0.detail_body_one,mp1_0.detail_body_three,mp1_0.detail_body_two,mp1_0.detail_title_four,mp1_0.detail_title_one,mp1_0.detail_title_three,mp1_0.detail_title_two,mp1_0.gallery_images,mp1_0.history,mp1_0.image_url,mp1_0.insight,mp1_0.name,mp1_0.price_range,mp1_0.timings,mp1_0.visitor_notes from managed_place mp1_0 where mp1_0.city_slug=? order by mp1_0.name
2026-05-11T15:46:41.381+05:30 DEBUG 19648 --- [city-explorer] [io-8081-exec-10] org.hibernate.SQL                        : select r1_0.id,r1_0.category_slug,r1_0.city_slug,r1_0.comment,r1_0.created_at,r1_0.place_slug,r1_0.rating,r1_0.user_id,u1_0.id,u1_0.email,u1_0.full_name,u1_0.password,u1_0.role from review r1_0 join app_users u1_0 on u1_0.id=r1_0.user_id where r1_0.city_slug=? and r1_0.category_slug is null and r1_0.place_slug is null order by r1_0.created_at desc fetch first ? rows only
2026-05-11T15:46:41.383+05:30 DEBUG 19648 --- [city-explorer] [io-8081-exec-10] org.hibernate.SQL                        : select u1_0.id,u1_0.email,u1_0.full_name,u1_0.password,u1_0.role from app_users u1_0 where u1_0.email=?
2026-05-11T15:46:41.385+05:30 DEBUG 19648 --- [city-explorer] [io-8081-exec-10] o.s.w.s.v.ContentNegotiatingViewResolver : Selected 'text/html' given [text/html, application/xhtml+xml, image/avif, image/webp, image/apng, application/xml;q=0.9, */*;q=0.8, application/signed-exchange;v=b3;q=0.7]
2026-05-11T15:46:41.401+05:30 DEBUG 19648 --- [city-explorer] [io-8081-exec-10] o.s.web.servlet.DispatcherServlet        : Completed 200 OK
2026-05-11T15:46:41.438+05:30 DEBUG 19648 --- [city-explorer] [nio-8081-exec-2] o.s.web.servlet.DispatcherServlet        : GET "/css/app.css", parameters={}
2026-05-11T15:46:41.445+05:30 DEBUG 19648 --- [city-explorer] [nio-8081-exec-2] o.s.w.s.handler.SimpleUrlHandlerMapping  : Mapped to ResourceHttpRequestHandler [classpath [META-INF/resources/], classpath [resources/], classpath [static/], classpath [public/], ServletContext [/]]
2026-05-11T15:46:41.445+05:30 DEBUG 19648 --- [city-explorer] [nio-8081-exec-1] o.s.web.servlet.DispatcherServlet        : GET "/js/main.js", parameters={}
2026-05-11T15:46:41.448+05:30 DEBUG 19648 --- [city-explorer] [nio-8081-exec-1] o.s.w.s.handler.SimpleUrlHandlerMapping  : Mapped to ResourceHttpRequestHandler [classpath [META-INF/resources/], classpath [resources/], classpath [static/], classpath [public/], ServletContext [/]]
2026-05-11T15:46:41.450+05:30 DEBUG 19648 --- [city-explorer] [nio-8081-exec-2] o.s.web.servlet.DispatcherServlet        : Completed 200 OK
2026-05-11T15:46:41.452+05:30 DEBUG 19648 --- [city-explorer] [nio-8081-exec-1] o.s.web.servlet.DispatcherServlet        : Completed 200 OK
2026-05-11T15:46:45.804+05:30 DEBUG 19648 --- [city-explorer] [nio-8081-exec-6] o.s.web.servlet.DispatcherServlet        : GET "/cities/manali", parameters={}
2026-05-11T15:46:45.805+05:30 DEBUG 19648 --- [city-explorer] [nio-8081-exec-6] s.w.s.m.m.a.RequestMappingHandlerMapping : Mapped to com.aurevia.cityexplorer.controller.PortalController#cityPage(String, Model, Principal)
2026-05-11T15:46:45.811+05:30 DEBUG 19648 --- [city-explorer] [nio-8081-exec-6] org.hibernate.SQL                        : select mp1_0.id,mp1_0.address,mp1_0.category_slug,mp1_0.city_id,mp1_0.city_slug,mp1_0.description,mp1_0.detail_body_four,mp1_0.detail_body_one,mp1_0.detail_body_three,mp1_0.detail_body_two,mp1_0.detail_title_four,mp1_0.detail_title_one,mp1_0.detail_title_three,mp1_0.detail_title_two,mp1_0.gallery_images,mp1_0.history,mp1_0.image_url,mp1_0.insight,mp1_0.name,mp1_0.price_range,mp1_0.timings,mp1_0.visitor_notes from managed_place mp1_0 where mp1_0.city_slug=? order by mp1_0.name
2026-05-11T15:46:45.819+05:30 DEBUG 19648 --- [city-explorer] [nio-8081-exec-6] org.hibernate.SQL                        : select mp1_0.id,mp1_0.address,mp1_0.category_slug,mp1_0.city_id,mp1_0.city_slug,mp1_0.description,mp1_0.detail_body_four,mp1_0.detail_body_one,mp1_0.detail_body_three,mp1_0.detail_body_two,mp1_0.detail_title_four,mp1_0.detail_title_one,mp1_0.detail_title_three,mp1_0.detail_title_two,mp1_0.gallery_images,mp1_0.history,mp1_0.image_url,mp1_0.insight,mp1_0.name,mp1_0.price_range,mp1_0.timings,mp1_0.visitor_notes from managed_place mp1_0 where mp1_0.city_slug=? order by mp1_0.name
2026-05-11T15:46:45.822+05:30 DEBUG 19648 --- [city-explorer] [nio-8081-exec-6] org.hibernate.SQL                        : select mp1_0.id,mp1_0.address,mp1_0.category_slug,mp1_0.city_id,mp1_0.city_slug,mp1_0.description,mp1_0.detail_body_four,mp1_0.detail_body_one,mp1_0.detail_body_three,mp1_0.detail_body_two,mp1_0.detail_title_four,mp1_0.detail_title_one,mp1_0.detail_title_three,mp1_0.detail_title_two,mp1_0.gallery_images,mp1_0.history,mp1_0.image_url,mp1_0.insight,mp1_0.name,mp1_0.price_range,mp1_0.timings,mp1_0.visitor_notes from managed_place mp1_0 where mp1_0.city_slug=? order by mp1_0.name
2026-05-11T15:46:45.828+05:30 DEBUG 19648 --- [city-explorer] [nio-8081-exec-6] org.hibernate.SQL                        : select mp1_0.id,mp1_0.address,mp1_0.category_slug,mp1_0.city_id,mp1_0.city_slug,mp1_0.description,mp1_0.detail_body_four,mp1_0.detail_body_one,mp1_0.detail_body_three,mp1_0.detail_body_two,mp1_0.detail_title_four,mp1_0.detail_title_one,mp1_0.detail_title_three,mp1_0.detail_title_two,mp1_0.gallery_images,mp1_0.history,mp1_0.image_url,mp1_0.insight,mp1_0.name,mp1_0.price_range,mp1_0.timings,mp1_0.visitor_notes from managed_place mp1_0 where mp1_0.city_slug=? order by mp1_0.name
2026-05-11T15:46:45.833+05:30 DEBUG 19648 --- [city-explorer] [nio-8081-exec-6] org.hibernate.SQL                        : select r1_0.id,r1_0.category_slug,r1_0.city_slug,r1_0.comment,r1_0.created_at,r1_0.place_slug,r1_0.rating,r1_0.user_id,u1_0.id,u1_0.email,u1_0.full_name,u1_0.password,u1_0.role from review r1_0 join app_users u1_0 on u1_0.id=r1_0.user_id where r1_0.city_slug=? and r1_0.category_slug is null and r1_0.place_slug is null order by r1_0.created_at desc fetch first ? rows only
2026-05-11T15:46:45.835+05:30 DEBUG 19648 --- [city-explorer] [nio-8081-exec-6] org.hibernate.SQL                        : select u1_0.id,u1_0.email,u1_0.full_name,u1_0.password,u1_0.role from app_users u1_0 where u1_0.email=?
2026-05-11T15:46:45.837+05:30 DEBUG 19648 --- [city-explorer] [nio-8081-exec-6] o.s.w.s.v.ContentNegotiatingViewResolver : Selected 'text/html' given [text/html, application/xhtml+xml, image/avif, image/webp, image/apng, application/xml;q=0.9, */*;q=0.8, application/signed-exchange;v=b3;q=0.7]
2026-05-11T15:46:45.853+05:30 DEBUG 19648 --- [city-explorer] [nio-8081-exec-6] o.s.web.servlet.DispatcherServlet        : Completed 200 OK
2026-05-11T15:46:45.881+05:30 DEBUG 19648 --- [city-explorer] [nio-8081-exec-4] o.s.web.servlet.DispatcherServlet        : GET "/css/app.css", parameters={}
2026-05-11T15:46:45.882+05:30 DEBUG 19648 --- [city-explorer] [nio-8081-exec-4] o.s.w.s.handler.SimpleUrlHandlerMapping  : Mapped to ResourceHttpRequestHandler [classpath [META-INF/resources/], classpath [resources/], classpath [static/], classpath [public/], ServletContext [/]]
2026-05-11T15:46:45.895+05:30 DEBUG 19648 --- [city-explorer] [nio-8081-exec-3] o.s.web.servlet.DispatcherServlet        : GET "/js/main.js", parameters={}
2026-05-11T15:46:45.898+05:30 DEBUG 19648 --- [city-explorer] [nio-8081-exec-3] o.s.w.s.handler.SimpleUrlHandlerMapping  : Mapped to ResourceHttpRequestHandler [classpath [META-INF/resources/], classpath [resources/], classpath [static/], classpath [public/], ServletContext [/]]
2026-05-11T15:46:45.899+05:30 DEBUG 19648 --- [city-explorer] [nio-8081-exec-4] o.s.web.servlet.DispatcherServlet        : Completed 200 OK
2026-05-11T15:46:45.902+05:30 DEBUG 19648 --- [city-explorer] [nio-8081-exec-3] o.s.web.servlet.DispatcherServlet        : Completed 200 OK
2026-05-11T15:46:54.291+05:30 DEBUG 19648 --- [city-explorer] [nio-8081-exec-8] o.s.web.servlet.DispatcherServlet        : GET "/cities/darjeeling", parameters={}
2026-05-11T15:46:54.292+05:30 DEBUG 19648 --- [city-explorer] [nio-8081-exec-8] s.w.s.m.m.a.RequestMappingHandlerMapping : Mapped to com.aurevia.cityexplorer.controller.PortalController#cityPage(String, Model, Principal)
2026-05-11T15:46:54.298+05:30 DEBUG 19648 --- [city-explorer] [nio-8081-exec-8] org.hibernate.SQL                        : select mp1_0.id,mp1_0.address,mp1_0.category_slug,mp1_0.city_id,mp1_0.city_slug,mp1_0.description,mp1_0.detail_body_four,mp1_0.detail_body_one,mp1_0.detail_body_three,mp1_0.detail_body_two,mp1_0.detail_title_four,mp1_0.detail_title_one,mp1_0.detail_title_three,mp1_0.detail_title_two,mp1_0.gallery_images,mp1_0.history,mp1_0.image_url,mp1_0.insight,mp1_0.name,mp1_0.price_range,mp1_0.timings,mp1_0.visitor_notes from managed_place mp1_0 where mp1_0.city_slug=? order by mp1_0.name
2026-05-11T15:46:54.302+05:30 DEBUG 19648 --- [city-explorer] [nio-8081-exec-8] org.hibernate.SQL                        : select mp1_0.id,mp1_0.address,mp1_0.category_slug,mp1_0.city_id,mp1_0.city_slug,mp1_0.description,mp1_0.detail_body_four,mp1_0.detail_body_one,mp1_0.detail_body_three,mp1_0.detail_body_two,mp1_0.detail_title_four,mp1_0.detail_title_one,mp1_0.detail_title_three,mp1_0.detail_title_two,mp1_0.gallery_images,mp1_0.history,mp1_0.image_url,mp1_0.insight,mp1_0.name,mp1_0.price_range,mp1_0.timings,mp1_0.visitor_notes from managed_place mp1_0 where mp1_0.city_slug=? order by mp1_0.name
2026-05-11T15:46:54.311+05:30 DEBUG 19648 --- [city-explorer] [nio-8081-exec-8] org.hibernate.SQL                        : select mp1_0.id,mp1_0.address,mp1_0.category_slug,mp1_0.city_id,mp1_0.city_slug,mp1_0.description,mp1_0.detail_body_four,mp1_0.detail_body_one,mp1_0.detail_body_three,mp1_0.detail_body_two,mp1_0.detail_title_four,mp1_0.detail_title_one,mp1_0.detail_title_three,mp1_0.detail_title_two,mp1_0.gallery_images,mp1_0.history,mp1_0.image_url,mp1_0.insight,mp1_0.name,mp1_0.price_range,mp1_0.timings,mp1_0.visitor_notes from managed_place mp1_0 where mp1_0.city_slug=? order by mp1_0.name
2026-05-11T15:46:54.315+05:30 DEBUG 19648 --- [city-explorer] [nio-8081-exec-8] org.hibernate.SQL                        : select mp1_0.id,mp1_0.address,mp1_0.category_slug,mp1_0.city_id,mp1_0.city_slug,mp1_0.description,mp1_0.detail_body_four,mp1_0.detail_body_one,mp1_0.detail_body_three,mp1_0.detail_body_two,mp1_0.detail_title_four,mp1_0.detail_title_one,mp1_0.detail_title_three,mp1_0.detail_title_two,mp1_0.gallery_images,mp1_0.history,mp1_0.image_url,mp1_0.insight,mp1_0.name,mp1_0.price_range,mp1_0.timings,mp1_0.visitor_notes from managed_place mp1_0 where mp1_0.city_slug=? order by mp1_0.name
2026-05-11T15:46:54.318+05:30 DEBUG 19648 --- [city-explorer] [nio-8081-exec-8] org.hibernate.SQL                        : select r1_0.id,r1_0.category_slug,r1_0.city_slug,r1_0.comment,r1_0.created_at,r1_0.place_slug,r1_0.rating,r1_0.user_id,u1_0.id,u1_0.email,u1_0.full_name,u1_0.password,u1_0.role from review r1_0 join app_users u1_0 on u1_0.id=r1_0.user_id where r1_0.city_slug=? and r1_0.category_slug is null and r1_0.place_slug is null order by r1_0.created_at desc fetch first ? rows only
2026-05-11T15:46:54.319+05:30 DEBUG 19648 --- [city-explorer] [nio-8081-exec-8] org.hibernate.SQL                        : select u1_0.id,u1_0.email,u1_0.full_name,u1_0.password,u1_0.role from app_users u1_0 where u1_0.email=?
2026-05-11T15:46:54.325+05:30 DEBUG 19648 --- [city-explorer] [nio-8081-exec-8] o.s.w.s.v.ContentNegotiatingViewResolver : Selected 'text/html' given [text/html, application/xhtml+xml, image/avif, image/webp, image/apng, application/xml;q=0.9, */*;q=0.8, application/signed-exchange;v=b3;q=0.7]
2026-05-11T15:46:54.339+05:30 DEBUG 19648 --- [city-explorer] [nio-8081-exec-8] o.s.web.servlet.DispatcherServlet        : Completed 200 OK
2026-05-11T15:46:54.379+05:30 DEBUG 19648 --- [city-explorer] [nio-8081-exec-5] o.s.web.servlet.DispatcherServlet        : GET "/css/app.css", parameters={}
2026-05-11T15:46:54.380+05:30 DEBUG 19648 --- [city-explorer] [nio-8081-exec-5] o.s.w.s.handler.SimpleUrlHandlerMapping  : Mapped to ResourceHttpRequestHandler [classpath [META-INF/resources/], classpath [resources/], classpath [static/], classpath [public/], ServletContext [/]]
2026-05-11T15:46:54.380+05:30 DEBUG 19648 --- [city-explorer] [nio-8081-exec-7] o.s.web.servlet.DispatcherServlet        : GET "/js/main.js", parameters={}
2026-05-11T15:46:54.384+05:30 DEBUG 19648 --- [city-explorer] [nio-8081-exec-7] o.s.w.s.handler.SimpleUrlHandlerMapping  : Mapped to ResourceHttpRequestHandler [classpath [META-INF/resources/], classpath [resources/], classpath [static/], classpath [public/], ServletContext [/]]
2026-05-11T15:46:54.385+05:30 DEBUG 19648 --- [city-explorer] [nio-8081-exec-5] o.s.web.servlet.DispatcherServlet        : Completed 200 OK
2026-05-11T15:46:54.391+05:30 DEBUG 19648 --- [city-explorer] [nio-8081-exec-7] o.s.web.servlet.DispatcherServlet        : Completed 200 OK
